entidad,codigo_adjudicacion,fecha_adjudicacion,fecha_finalizacion,plazo_gestion,tramo_gestion,segmento,rango_deuda,casos_activos_abiertos,importe_asignado,importe_base_deuda,telefonos_total,telefonos_contactados,telefonos_sin_contacto,telefonos_sin_ivr_total,telefonos_1_a_3_ivrs_total,telefonos_4_a_6_ivrs_total,telefonos_mayor_6_ivrs_total,contactado_sin_ivr,contactado_1_a_3_ivrs,contactado_4_a_6_ivrs,contactado_mayor_6_ivrs,sin_contacto_sin_ivr,sin_contacto_1_a_3_ivrs,sin_contacto_4_a_6_ivrs,sin_contacto_mayor_6_ivrs,ivrs_total,ivrs_tel_contactados,ivrs_tel_sin_contacto
ADT1,261001,2026-10-01,2026-10-29,7,1) 0 a 30 dias,,6) $50.001 a $100.000,3,275170.18,275170.18,6,0,6,0,1,5,0,0,0,0,0,0,1,5,0,31.0,0.0,31.0
ADT1,261001,2026-10-01,2026-10-29,7,1) 0 a 30 dias,,7) $100.001 a $500.000,105,34624738.53,34624738.53,291,59,232,18,36,237,0,0,9,50,0,18,27,187,0,1378.0,266.0,1112.0
ADT1,261001,2026-10-01,2026-10-29,7,1) 0 a 30 dias,,8) >$500.000,77,51264037.64,51264037.64,225,38,187,10,24,191,0,0,4,34,0,10,20,157,0,1114.0,178.0,936.0
AUSO,ENE23,2023-01-04,2027-01-03,1373,6) Mayor a 360 dias,,1) MENOR A $5.000,505,557574.27,557574.27,1026,390,636,6,87,88,845,0,3,4,383,6,84,84,462,50615.0,42843.0,7772.0
AUSO,ENE23,2023-01-04,2027-01-03,1373,6) Mayor a 360 dias,,2) $5.001 a $10.000,41,297203.02,297203.02,87,35,52,0,8,8,71,0,0,1,34,0,8,7,37,6035.0,5358.0,677.0
AUSO,ENE23,2023-01-04,2027-01-03,1373,6) Mayor a 360 dias,,3) $10.001 a $20.000,16,207382.31,207382.31,39,10,29,0,3,10,26,0,0,0,10,0,3,10,16,2479.0,1932.0,547.0
AUSO,ENE23,2023-01-04,2027-01-03,1373,6) Mayor a 360 dias,,4) $20.001 a $35.000,12,301775.99,301775.99,34,12,22,0,6,1,27,0,0,0,12,0,6,1,15,1288.0,970.0,318.0
AUSO,ENE23,2023-01-04,2027-01-03,1373,6) Mayor a 360 dias,,5) $35.001 a $50.000,2,88677.88,88677.88,6,3,3,0,1,1,4,0,0,0,3,0,1,1,1,407.0,384.0,23.0
AUSO,ENE23,2023-01-04,2027-01-03,1373,6) Mayor a 360 dias,,6) $50.001 a $100.000,3,199984.6,199984.6,7,2,5,0,1,0,6,0,0,0,2,0,1,0,4,508.0,448.0,60.0
AUSO,ENE23,2023-01-04,2027-01-03,1373,6) Mayor a 360 dias,,7) $100.001 a $500.000,1,105164.92,105164.92,3,1,2,0,0,0,3,0,0,0,1,0,0,0,2,145.0,11.0,134.0
AUSO,FEB23,2023-02-03,2027-02-02,1343,6) Mayor a 360 dias,,1) MENOR A $5.000,3519,1366975.9,1366975.9,5734,2051,3683,575,1085,486,3588,0,225,101,1725,575,860,385,1863,135614.0,107145.0,28469.0
AUSO,FEB23,2023-02-03,2027-02-02,1343,6) Mayor a 360 dias,,2) $5.001 a $10.000,15,95452.3,95452.3,25,8,17,0,2,2,21,0,0,0,8,0,2,2,13,1534.0,1352.0,182.0
AUSO,FEB23,2023-02-03,2027-02-02,1343,6) Mayor a 360 dias,,3) $10.001 a $20.000,4,51102.82,51102.82,14,4,10,0,2,1,11,0,0,0,4,0,2,1,7,878.0,781.0,97.0
AUSO,FEB23E,2023-02-03,2027-02-02,1343,6) Mayor a 360 dias,,1) MENOR A $5.000,241,215027.28,215027.28,462,206,256,13,50,19,380,0,1,2,203,13,49,17,177,20565.0,17354.0,3211.0
AUSO,FEB23E,2023-02-03,2027-02-02,1343,6) Mayor a 360 dias,,2) $5.001 a $10.000,7,52105.5,52105.5,12,6,6,0,0,0,12,0,0,0,6,0,0,0,6,1291.0,1106.0,185.0
AUSO,FEB23E,2023-02-03,2027-02-02,1343,6) Mayor a 360 dias,,3) $10.001 a $20.000,1,12802.9,12802.9,2,1,1,0,0,0,2,0,0,0,1,0,0,0,1,165.0,151.0,14.0
AUSO,FEB23E,2023-02-03,2027-02-02,1343,6) Mayor a 360 dias,,4) $20.001 a $35.000,1,24869.17,24869.17,4,3,1,0,0,0,4,0,0,0,3,0,0,0,1,516.0,502.0,14.0
AUSO,MAR23,2023-03-03,2027-03-02,1315,6) Mayor a 360 dias,,1) MENOR A $5.000,238,308396.43,308396.43,382,121,261,1,77,3,301,0,1,1,119,1,76,2,182,16259.0,13392.0,2867.0
AUSO,MAR23,2023-03-03,2027-03-02,1315,6) Mayor a 360 dias,,2) $5.001 a $10.000,20,137875.4,137875.4,46,18,28,0,14,0,32,0,0,0,18,0,14,0,14,3143.0,2950.0,193.0
AUSO,MAR23,2023-03-03,2027-03-02,1315,6) Mayor a 360 dias,,3) $10.001 a $20.000,8,111154.15,111154.15,11,8,3,0,0,1,10,0,0,1,7,0,0,0,3,1427.0,1391.0,36.0
AUSO,MAR23,2023-03-03,2027-03-02,1315,6) Mayor a 360 dias,,4) $20.001 a $35.000,2,55365.08,55365.08,2,0,2,0,0,0,2,0,0,0,0,0,0,0,2,150.0,0.0,150.0
AUSO,MAR23E,2023-03-03,2027-03-02,1315,6) Mayor a 360 dias,,1) MENOR A $5.000,312,240407.57,240407.57,991,260,731,377,96,5,513,0,13,0,247,377,83,5,266,23087.0,19256.0,3831.0
AUSO,MAR23E,2023-03-03,2027-03-02,1315,6) Mayor a 360 dias,,2) $5.001 a $10.000,8,52527.38,52527.38,26,10,16,0,7,0,19,0,0,0,10,0,7,0,9,2043.0,1853.0,190.0
AUSO,MAR23E,2023-03-03,2027-03-02,1315,6) Mayor a 360 dias,,3) $10.001 a $20.000,2,26467.74,26467.74,2,1,1,0,0,0,2,0,0,0,1,0,0,0,1,201.0,190.0,11.0
AUSO,ABR23,2023-04-04,2027-04-03,1283,6) Mayor a 360 dias,,1) MENOR A $5.000,569,625479.07,625479.07,1049,377,672,13,317,46,673,0,12,1,364,13,305,45,309,42772.0,36659.0,6113.0
AUSO,ABR23,2023-04-04,2027-04-03,1283,6) Mayor a 360 dias,,2) $5.001 a $10.000,20,135415.8,135415.8,33,15,18,0,6,8,19,0,0,0,15,0,6,8,4,2771.0,2665.0,106.0
AUSO,ABR23,2023-04-04,2027-04-03,1283,6) Mayor a 360 dias,,3) $10.001 a $20.000,3,32755.87,32755.87,12,0,12,1,6,3,2,0,0,0,0,1,6,3,2,71.0,0.0,71.0
AUSO,ABR23,2023-04-04,2027-04-03,1283,6) Mayor a 360 dias,,4) $20.001 a $35.000,1,27183.94,27183.94,1,0,1,0,0,0,1,0,0,0,0,0,0,0,1,8.0,0.0,8.0
AUSO,ABR23,2023-04-04,2027-04-03,1283,6) Mayor a 360 dias,,5) $35.001 a $50.000,1,41508.37,41508.37,1,1,0,0,0,0,1,0,0,0,1,0,0,0,0,143.0,143.0,0.0
AUSO,ABR23,2023-04-04,2027-04-03,1283,6) Mayor a 360 dias,,6) $50.001 a $100.000,1,78520.5,78520.5,15,3,12,0,11,0,4,0,0,0,3,0,11,0,1,251.0,192.0,59.0
AUSO,ABR23E,2023-04-04,2027-04-03,1283,6) Mayor a 360 dias,,1) MENOR A $5.000,480,283165.11,283165.11,1275,397,878,382,206,15,672,0,16,3,378,382,190,12,294,31677.0,26003.0,5674.0
AUSO,ABR23E,2023-04-04,2027-04-03,1283,6) Mayor a 360 dias,,2) $5.001 a $10.000,5,39384.58,39384.58,14,7,7,0,0,0,14,0,0,0,7,0,0,0,7,1520.0,1421.0,99.0
AUSO,ABR23E,2023-04-04,2027-04-03,1283,6) Mayor a 360 dias,,3) $10.001 a $20.000,1,12166.5,12166.5,4,0,4,0,0,1,3,0,0,0,0,0,0,1,3,45.0,0.0,45.0
AUSO,MAY23,2023-05-03,2027-05-02,1254,6) Mayor a 360 dias,,1) MENOR A $5.000,430,473485.34,473485.34,726,334,392,4,69,1,652,0,0,0,334,4,69,1,318,43643.0,37337.0,6306.0
AUSO,MAY23,2023-05-03,2027-05-02,1254,6) Mayor a 360 dias,,2) $5.001 a $10.000,24,160108.62,160108.62,55,17,38,2,14,2,37,0,0,0,17,2,14,2,20,3323.0,2808.0,515.0
AUSO,MAY23,2023-05-03,2027-05-02,1254,6) Mayor a 360 dias,,3) $10.001 a $20.000,4,45809.5,45809.5,6,4,2,0,0,0,6,0,0,0,4,0,0,0,2,838.0,785.0,53.0
AUSO,MAY23,2023-05-03,2027-05-02,1254,6) Mayor a 360 dias,,4) $20.001 a $35.000,2,47268.0,47268.0,2,2,0,0,0,0,2,0,0,0,2,0,0,0,0,431.0,431.0,0.0
AUSO,MAY23E,2023-05-03,2027-05-02,1254,6) Mayor a 360 dias,,1) MENOR A $5.000,211,189721.34,189721.34,782,209,573,361,84,7,330,0,11,2,196,361,73,5,134,21131.0,18221.0,2910.0
AUSO,MAY23E,2023-05-03,2027-05-02,1254,6) Mayor a 360 dias,,2) $5.001 a $10.000,8,57322.28,57322.28,434,39,395,92,299,8,35,0,9,3,27,92,290,5,8,2529.0,2054.0,475.0
AUSO,MAY23E,2023-05-03,2027-05-02,1254,6) Mayor a 360 dias,,3) $10.001 a $20.000,2,29885.18,29885.18,3,2,1,0,0,0,3,0,0,0,2,0,0,0,1,457.0,438.0,19.0
AUSO,JUN23,2023-06-02,2027-06-01,1224,6) Mayor a 360 dias,,1) MENOR A $5.000,329,430383.45,430383.45,570,235,335,3,21,0,546,0,0,0,235,3,21,0,311,34709.0,29681.0,5028.0
AUSO,JUN23,2023-06-02,2027-06-01,1224,6) Mayor a 360 dias,,2) $5.001 a $10.000,33,225094.07,225094.07,73,26,47,0,2,0,71,0,0,0,26,0,2,0,45,5924.0,5208.0,716.0
AUSO,JUN23,2023-06-02,2027-06-01,1224,6) Mayor a 360 dias,,3) $10.001 a $20.000,8,117047.36,117047.36,16,9,7,0,1,0,15,0,0,0,9,0,1,0,6,1930.0,1838.0,92.0
AUSO,JUN23,2023-06-02,2027-06-01,1224,6) Mayor a 360 dias,,4) $20.001 a $35.000,3,74876.38,74876.38,16,4,12,0,3,0,13,0,0,0,4,0,3,0,9,857.0,717.0,140.0
AUSO,JUN23E,2023-06-02,2027-06-01,1224,6) Mayor a 360 dias,,1) MENOR A $5.000,108,132265.57,132265.57,211,97,114,8,6,3,194,0,0,0,97,8,6,3,97,12310.0,10634.0,1676.0
AUSO,JUN23E,2023-06-02,2027-06-01,1224,6) Mayor a 360 dias,,2) $5.001 a $10.000,7,51987.18,51987.18,20,10,10,0,2,0,18,0,0,0,10,0,2,0,8,1933.0,1785.0,148.0
AUSO,JUL23,2023-07-06,2027-07-05,1190,6) Mayor a 360 dias,,1) MENOR A $5.000,578,553357.94,553357.94,1013,386,627,13,31,3,966,0,1,0,385,13,30,3,581,48827.0,40275.0,8552.0
AUSO,JUL23,2023-07-06,2027-07-05,1190,6) Mayor a 360 dias,,2) $5.001 a $10.000,21,139007.01,139007.01,39,22,17,0,0,0,39,0,0,0,22,0,0,0,17,4475.0,4108.0,367.0
AUSO,JUL23,2023-07-06,2027-07-05,1190,6) Mayor a 360 dias,,3) $10.001 a $20.000,3,47360.25,47360.25,3,1,2,0,0,0,3,0,0,0,1,0,0,0,2,238.0,204.0,34.0
AUSO,JUL23E,2023-07-06,2027-07-05,1190,6) Mayor a 360 dias,,1) MENOR A $5.000,200,173920.34,173920.34,387,191,196,1,10,9,367,0,2,2,187,1,8,7,180,19785.0,17000.0,2785.0
AUSO,JUL23E,2023-07-06,2027-07-05,1190,6) Mayor a 360 dias,,2) $5.001 a $10.000,4,22864.51,22864.51,8,2,6,0,0,0,8,0,0,0,2,0,0,0,6,506.0,432.0,74.0
AUSO,JUL23E,2023-07-06,2027-07-05,1190,6) Mayor a 360 dias,,3) $10.001 a $20.000,2,24793.66,24793.66,7,1,6,0,0,0,7,0,0,0,1,0,0,0,6,272.0,200.0,72.0
AUSO,AGO23,2023-08-03,2027-08-02,1162,6) Mayor a 360 dias,,1) MENOR A $5.000,458,548105.23,548105.23,830,334,496,35,30,3,762,0,3,0,331,35,27,3,431,42247.0,35429.0,6818.0
AUSO,AGO23,2023-08-03,2027-08-02,1162,6) Mayor a 360 dias,,2) $5.001 a $10.000,16,101890.13,101890.13,26,9,17,0,0,0,26,0,0,0,9,0,0,0,17,2406.0,1905.0,501.0
AUSO,AGO23,2023-08-03,2027-08-02,1162,6) Mayor a 360 dias,,3) $10.001 a $20.000,4,44202.0,44202.0,9,1,8,0,1,0,8,0,0,0,1,0,1,0,7,324.0,225.0,99.0
AUSO,AGO23,2023-08-03,2027-08-02,1162,6) Mayor a 360 dias,,4) $20.001 a $35.000,1,34032.61,34032.61,1,0,1,0,0,0,1,0,0,0,0,0,0,0,1,14.0,0.0,14.0
AUSO,AGO23E,2023-08-03,2027-08-02,1162,6) Mayor a 360 dias,,1) MENOR A $5.000,132,123123.11,123123.11,591,123,468,331,24,4,232,0,5,3,115,331,19,1,117,13645.0,11588.0,2057.0
AUSO,AGO23E,2023-08-03,2027-08-02,1162,6) Mayor a 360 dias,,2) $5.001 a $10.000,4,29591.42,29591.42,370,26,344,53,289,4,24,0,4,2,20,53,285,2,4,1741.0,1386.0,355.0
AUSO,AGO23E,2023-08-03,2027-08-02,1162,6) Mayor a 360 dias,,3) $10.001 a $20.000,1,10067.28,10067.28,1,1,0,0,0,0,1,0,0,0,1,0,0,0,0,198.0,198.0,0.0
AUSO,AGO23E,2023-08-03,2027-08-02,1162,6) Mayor a 360 dias,,4) $20.001 a $35.000,1,26855.49,26855.49,1,1,0,0,0,0,1,0,0,0,1,0,0,0,0,210.0,210.0,0.0
AUSO,SEP23,2023-09-05,2027-09-04,1129,6) Mayor a 360 dias,,1) MENOR A $5.000,441,501675.26,501675.26,730,290,440,1,29,2,698,0,1,1,288,1,28,1,410,39091.0,32359.0,6732.0
AUSO,SEP23,2023-09-05,2027-09-04,1129,6) Mayor a 360 dias,,2) $5.001 a $10.000,22,141303.19,141303.19,30,17,13,0,1,0,29,0,0,0,17,0,1,0,12,3755.0,3552.0,203.0
AUSO,SEP23,2023-09-05,2027-09-04,1129,6) Mayor a 360 dias,,3) $10.001 a $20.000,6,78229.96,78229.96,7,4,3,0,0,0,7,0,0,0,4,0,0,0,3,942.0,894.0,48.0
AUSO,SEP23E,2023-09-05,2027-09-04,1129,6) Mayor a 360 dias,,1) MENOR A $5.000,125,117142.49,117142.49,220,98,122,1,5,0,214,0,1,0,97,1,4,0,117,11855.0,9943.0,1912.0
AUSO,SEP23E,2023-09-05,2027-09-04,1129,6) Mayor a 360 dias,,2) $5.001 a $10.000,2,14998.63,14998.63,4,3,1,0,0,0,4,0,0,0,3,0,0,0,1,691.0,676.0,15.0
AUSO,SEP23E,2023-09-05,2027-09-04,1129,6) Mayor a 360 dias,,3) $10.001 a $20.000,2,27956.8,27956.8,4,3,1,0,0,0,4,0,0,0,3,0,0,0,1,680.0,665.0,15.0
AUSO,SEP23E,2023-09-05,2027-09-04,1129,6) Mayor a 360 dias,,4) $20.001 a $35.000,1,25891.17,25891.17,2,2,0,0,0,0,2,0,0,0,2,0,0,0,0,445.0,445.0,0.0
AUSO,OCT23,2023-10-04,2027-10-03,1100,6) Mayor a 360 dias,,1) MENOR A $5.000,374,447568.44,447568.44,685,259,426,56,28,5,596,0,2,0,257,56,26,5,339,35256.0,29541.0,5715.0
AUSO,OCT23,2023-10-04,2027-10-03,1100,6) Mayor a 360 dias,,2) $5.001 a $10.000,26,185565.29,185565.29,57,17,40,0,2,0,55,0,0,0,17,0,2,0,38,4206.0,3380.0,826.0
AUSO,OCT23,2023-10-04,2027-10-03,1100,6) Mayor a 360 dias,,3) $10.001 a $20.000,3,41654.87,41654.87,12,2,10,0,0,0,12,0,0,0,2,0,0,0,10,460.0,320.0,140.0
AUSO,OCT23,2023-10-04,2027-10-03,1100,6) Mayor a 360 dias,,5) $35.001 a $50.000,1,43112.03,43112.03,2,2,0,0,0,0,2,0,0,0,2,0,0,0,0,385.0,385.0,0.0
AUSO,OCT23E,2023-10-04,2027-10-03,1100,6) Mayor a 360 dias,,1) MENOR A $5.000,105,108070.86,108070.86,157,82,75,1,3,0,153,0,0,0,82,1,3,0,71,10481.0,9344.0,1137.0
AUSO,OCT23E,2023-10-04,2027-10-03,1100,6) Mayor a 360 dias,,2) $5.001 a $10.000,1,7279.0,7279.0,1,1,0,0,0,0,1,0,0,0,1,0,0,0,0,225.0,225.0,0.0
AUSO,OCT23E,2023-10-04,2027-10-03,1100,6) Mayor a 360 dias,,3) $10.001 a $20.000,3,46010.59,46010.59,6,2,4,0,0,0,6,0,0,0,2,0,0,0,4,505.0,451.0,54.0
AUSO,OCT23E,2023-10-04,2027-10-03,1100,6) Mayor a 360 dias,,5) $35.001 a $50.000,2,87624.43,87624.43,4,2,2,0,0,0,4,0,0,0,2,0,0,0,2,480.0,451.0,29.0
AUSO,OCT23E,2023-10-04,2027-10-03,1100,6) Mayor a 360 dias,,6) $50.001 a $100.000,1,53407.54,53407.54,4,1,3,0,0,1,3,0,0,1,0,0,0,0,3,47.0,6.0,41.0
AUSO,NOV23,2023-11-02,2027-11-01,1071,6) Mayor a 360 dias,,1) MENOR A $5.000,390,458161.4,458161.4,696,256,440,16,26,2,652,0,0,0,256,16,26,2,396,36292.0,28968.0,7324.0
AUSO,NOV23,2023-11-02,2027-11-01,1071,6) Mayor a 360 dias,,2) $5.001 a $10.000,18,119826.26,119826.26,20,12,8,0,0,0,20,0,0,0,12,0,0,0,8,2659.0,2531.0,128.0
AUSO,NOV23,2023-11-02,2027-11-01,1071,6) Mayor a 360 dias,,3) $10.001 a $20.000,6,80966.75,80966.75,8,3,5,0,0,0,8,0,0,0,3,0,0,0,5,672.0,593.0,79.0
AUSO,NOV23,2023-11-02,2027-11-01,1071,6) Mayor a 360 dias,,5) $35.001 a $50.000,1,42541.0,42541.0,1,1,0,0,0,0,1,0,0,0,1,0,0,0,0,240.0,240.0,0.0
AUSO,NOV23E,2023-11-02,2027-11-01,1071,6) Mayor a 360 dias,,1) MENOR A $5.000,125,149200.95,149200.95,181,93,88,1,5,0,175,0,0,0,93,1,5,0,82,11802.0,10463.0,1339.0
AUSO,NOV23E,2023-11-02,2027-11-01,1071,6) Mayor a 360 dias,,2) $5.001 a $10.000,2,14460.0,14460.0,2,2,0,0,0,0,2,0,0,0,2,0,0,0,0,442.0,442.0,0.0
AUSO,NOV23E,2023-11-02,2027-11-01,1071,6) Mayor a 360 dias,,3) $10.001 a $20.000,2,24803.0,24803.0,4,3,1,0,0,1,3,0,0,1,2,0,0,0,1,358.0,342.0,16.0
AUSO,DIC23,2023-12-05,2027-12-04,1038,6) Mayor a 360 dias,,1) MENOR A $5.000,407,524662.78,524662.78,726,313,413,4,25,3,694,0,3,2,308,4,22,1,386,41641.0,34224.0,7417.0
AUSO,DIC23,2023-12-05,2027-12-04,1038,6) Mayor a 360 dias,,2) $5.001 a $10.000,38,261798.62,261798.62,65,33,32,0,2,0,63,0,1,0,32,0,1,0,31,6547.0,5907.0,640.0
AUSO,DIC23,2023-12-05,2027-12-04,1038,6) Mayor a 360 dias,,3) $10.001 a $20.000,10,126191.93,126191.93,18,8,10,0,0,0,18,0,0,0,8,0,0,0,10,1866.0,1705.0,161.0
AUSO,DIC23,2023-12-05,2027-12-04,1038,6) Mayor a 360 dias,,4) $20.001 a $35.000,2,46630.02,46630.02,2,0,2,0,0,0,2,0,0,0,0,0,0,0,2,31.0,0.0,31.0
AUSO,DIC23E,2023-12-05,2027-12-04,1038,6) Mayor a 360 dias,,1) MENOR A $5.000,90,94083.22,94083.22,134,67,67,4,2,1,127,0,1,0,66,4,1,1,61,8094.0,7049.0,1045.0
AUSO,DIC23E,2023-12-05,2027-12-04,1038,6) Mayor a 360 dias,,2) $5.001 a $10.000,6,38774.7,38774.7,7,5,2,0,0,0,7,0,0,0,5,0,0,0,2,986.0,954.0,32.0
AUSO,DIC23E,2023-12-05,2027-12-04,1038,6) Mayor a 360 dias,,4) $20.001 a $35.000,2,48304.07,48304.07,5,1,4,0,1,0,4,0,0,0,1,0,1,0,3,291.0,241.0,50.0
AUSO,ENE24,2024-01-03,2028-01-02,1009,6) Mayor a 360 dias,,1) MENOR A $5.000,720,697728.28,697728.28,1346,534,812,32,34,6,1274,0,0,2,532,32,34,4,742,56996.0,43987.0,13009.0
AUSO,ENE24,2024-01-03,2028-01-02,1009,6) Mayor a 360 dias,,2) $5.001 a $10.000,39,272376.79,272376.79,68,23,45,0,2,0,66,0,0,0,23,0,2,0,43,5399.0,4674.0,725.0
AUSO,ENE24,2024-01-03,2028-01-02,1009,6) Mayor a 360 dias,,3) $10.001 a $20.000,19,258653.97,258653.97,27,10,17,0,0,0,27,0,0,0,10,0,0,0,17,2284.0,1991.0,293.0
AUSO,ENE24,2024-01-03,2028-01-02,1009,6) Mayor a 360 dias,,4) $20.001 a $35.000,8,197410.61,197410.61,15,7,8,0,0,0,15,0,0,0,7,0,0,0,8,1546.0,1410.0,136.0
AUSO,ENE24E,2024-01-03,2028-01-02,1009,6) Mayor a 360 dias,,1) MENOR A $5.000,161,156935.32,156935.32,256,105,151,4,6,2,244,0,0,0,105,4,6,2,139,13612.0,11023.0,2589.0
AUSO,ENE24E,2024-01-03,2028-01-02,1009,6) Mayor a 360 dias,,2) $5.001 a $10.000,9,70345.62,70345.62,12,8,4,0,0,0,12,0,0,0,8,0,0,0,4,1849.0,1761.0,88.0
AUSO,ENE24E,2024-01-03,2028-01-02,1009,6) Mayor a 360 dias,,3) $10.001 a $20.000,3,41483.87,41483.87,4,3,1,0,0,0,4,0,0,0,3,0,0,0,1,480.0,463.0,17.0
AUSO,ENE24E,2024-01-03,2028-01-02,1009,6) Mayor a 360 dias,,4) $20.001 a $35.000,1,21300.0,21300.0,4,3,1,1,0,0,3,0,0,0,3,1,0,0,0,502.0,502.0,0.0
AUSO,ENE24E,2024-01-03,2028-01-02,1009,6) Mayor a 360 dias,,5) $35.001 a $50.000,1,44800.35,44800.35,1,1,0,0,0,0,1,0,0,0,1,0,0,0,0,217.0,217.0,0.0
AUSO,FEB24,2024-02-02,2028-02-01,979,6) Mayor a 360 dias,,1) MENOR A $5.000,713,672900.46,672900.46,1283,497,786,44,38,3,1198,0,2,0,495,44,36,3,703,49777.0,39430.0,10347.0
AUSO,FEB24,2024-02-02,2028-02-01,979,6) Mayor a 360 dias,,2) $5.001 a $10.000,57,406585.36,406585.36,107,39,68,0,3,0,104,0,0,0,39,0,3,0,65,9248.0,8192.0,1056.0
AUSO,FEB24,2024-02-02,2028-02-01,979,6) Mayor a 360 dias,,3) $10.001 a $20.000,24,349195.94,349195.94,41,11,30,0,3,0,38,0,0,0,11,0,3,0,27,2632.0,2226.0,406.0
AUSO,FEB24,2024-02-02,2028-02-01,979,6) Mayor a 360 dias,,4) $20.001 a $35.000,8,202537.61,202537.61,14,8,6,0,1,0,13,0,0,0,8,0,1,0,5,1730.0,1613.0,117.0
AUSO,FEB24,2024-02-02,2028-02-01,979,6) Mayor a 360 dias,,5) $35.001 a $50.000,2,80087.6,80087.6,5,1,4,2,1,0,2,0,0,0,1,2,1,0,1,217.0,202.0,15.0
AUSO,FEB24,2024-02-02,2028-02-01,979,6) Mayor a 360 dias,,6) $50.001 a $100.000,1,51816.19,51816.19,1,1,0,0,0,0,1,0,0,0,1,0,0,0,0,219.0,219.0,0.0
AUSO,FEB24E,2024-02-02,2028-02-01,979,6) Mayor a 360 dias,,1) MENOR A $5.000,141,148844.13,148844.13,567,128,439,310,17,3,237,0,2,0,126,310,15,3,111,13402.0,11498.0,1904.0
AUSO,FEB24E,2024-02-02,2028-02-01,979,6) Mayor a 360 dias,,2) $5.001 a $10.000,11,70621.85,70621.85,19,8,11,0,0,0,19,0,0,0,8,0,0,0,11,2059.0,1650.0,409.0
AUSO,FEB24E,2024-02-02,2028-02-01,979,6) Mayor a 360 dias,,3) $10.001 a $20.000,2,31750.0,31750.0,10,2,8,0,0,0,10,0,0,0,2,0,0,0,8,442.0,340.0,102.0
AUSO,102,2024-03-05,2028-03-04,947,6) Mayor a 360 dias,,1) MENOR A $5.000,854,765563.22,765563.22,1600,322,1278,654,265,18,663,0,15,0,307,654,250,18,356,42078.0,37331.0,4747.0
AUSO,102,2024-03-05,2028-03-04,947,6) Mayor a 360 dias,,2) $5.001 a $10.000,53,374295.04,374295.04,83,32,51,0,1,0,82,0,0,0,32,0,1,0,50,7075.0,6320.0,755.0
AUSO,102,2024-03-05,2028-03-04,947,6) Mayor a 360 dias,,3) $10.001 a $20.000,23,298562.2,298562.2,42,19,23,0,1,0,41,0,0,0,19,0,1,0,22,3389.0,3190.0,199.0
AUSO,102,2024-03-05,2028-03-04,947,6) Mayor a 360 dias,,4) $20.001 a $35.000,6,141078.5,141078.5,11,1,10,0,0,0,11,0,0,0,1,0,0,0,10,481.0,222.0,259.0
AUSO,102,2024-03-05,2028-03-04,947,6) Mayor a 360 dias,,5) $35.001 a $50.000,1,38772.42,38772.42,2,1,1,0,0,1,1,0,0,1,0,0,0,0,1,13.0,4.0,9.0
AUSO,102,2024-03-05,2028-03-04,947,6) Mayor a 360 dias,,6) $50.001 a $100.000,2,144000.0,144000.0,3,1,2,0,0,0,3,0,0,0,1,0,0,0,2,174.0,156.0,18.0
AUSO,103,2024-03-05,2028-03-04,947,6) Mayor a 360 dias,,1) MENOR A $5.000,1999,1845217.69,1845217.69,3600,996,2604,357,972,61,2210,0,77,6,913,357,895,55,1297,123453.0,107777.0,15676.0
AUSO,103,2024-03-05,2028-03-04,947,6) Mayor a 360 dias,,2) $5.001 a $10.000,79,527897.3,527897.3,144,60,84,0,5,0,139,0,0,0,60,0,5,0,79,12284.0,11052.0,1232.0
AUSO,103,2024-03-05,2028-03-04,947,6) Mayor a 360 dias,,3) $10.001 a $20.000,25,341906.4,341906.4,51,21,30,0,4,0,47,0,0,0,21,0,4,0,26,3450.0,3195.0,255.0
AUSO,103,2024-03-05,2028-03-04,947,6) Mayor a 360 dias,,4) $20.001 a $35.000,6,137018.6,137018.6,13,6,7,0,0,0,13,0,0,0,6,0,0,0,7,1339.0,1279.0,60.0
AUSO,103,2024-03-05,2028-03-04,947,6) Mayor a 360 dias,,5) $35.001 a $50.000,2,76001.8,76001.8,10,5,5,0,0,2,8,0,0,0,5,0,0,2,3,883.0,847.0,36.0
AUSO,103,2024-03-05,2028-03-04,947,6) Mayor a 360 dias,,7) $100.001 a $500.000,1,133718.98,133718.98,2,2,0,0,0,0,2,0,0,0,2,0,0,0,0,446.0,446.0,0.0
AUSO,104,2024-04-04,2028-04-03,917,6) Mayor a 360 dias,,1) MENOR A $5.000,889,833160.94,833160.94,1511,304,1207,546,295,22,648,0,18,4,282,546,277,18,366,39774.0,34799.0,4975.0
AUSO,104,2024-04-04,2028-04-03,917,6) Mayor a 360 dias,,2) $5.001 a $10.000,58,423514.13,423514.13,88,44,44,0,4,0,84,0,0,0,44,0,4,0,40,9515.0,9140.0,375.0
AUSO,104,2024-04-04,2028-04-03,917,6) Mayor a 360 dias,,3) $10.001 a $20.000,42,585682.2,585682.2,83,35,48,0,2,0,81,0,0,0,35,0,2,0,46,7834.0,7168.0,666.0
AUSO,104,2024-04-04,2028-04-03,917,6) Mayor a 360 dias,,4) $20.001 a $35.000,12,296419.63,296419.63,19,11,8,0,1,0,18,0,0,0,11,0,1,0,7,2456.0,2395.0,61.0
AUSO,105,2024-04-04,2028-04-03,917,6) Mayor a 360 dias,,1) MENOR A $5.000,154,169511.08,169511.08,583,99,484,313,84,6,180,0,5,1,93,313,79,5,87,11285.0,9997.0,1288.0
AUSO,105,2024-04-04,2028-04-03,917,6) Mayor a 360 dias,,2) $5.001 a $10.000,12,78860.48,78860.48,19,9,10,0,1,0,18,0,0,0,9,0,1,0,9,1955.0,1644.0,311.0
AUSO,105,2024-04-04,2028-04-03,917,6) Mayor a 360 dias,,3) $10.001 a $20.000,6,92374.51,92374.51,7,3,4,0,0,0,7,0,0,0,3,0,0,0,4,863.0,598.0,265.0
AUSO,105,2024-04-04,2028-04-03,917,6) Mayor a 360 dias,,4) $20.001 a $35.000,3,68485.91,68485.91,3,1,2,0,0,0,3,0,0,0,1,0,0,0,2,237.0,219.0,18.0
AUSO,105,2024-04-04,2028-04-03,917,6) Mayor a 360 dias,,7) $100.001 a $500.000,1,116675.0,116675.0,1,0,1,0,0,0,1,0,0,0,0,0,0,0,1,9.0,0.0,9.0
AUSO,106,2024-05-03,2028-05-02,888,6) Mayor a 360 dias,,1) MENOR A $5.000,984,823329.9,823329.9,1691,321,1370,746,256,15,674,0,13,1,307,746,243,14,367,38388.0,33805.0,4583.0
AUSO,106,2024-05-03,2028-05-02,888,6) Mayor a 360 dias,,2) $5.001 a $10.000,56,391340.19,391340.19,83,28,55,0,2,0,81,0,0,0,28,0,2,0,53,6487.0,5530.0,957.0
AUSO,106,2024-05-03,2028-05-02,888,6) Mayor a 360 dias,,3) $10.001 a $20.000,31,421493.96,421493.96,49,19,30,0,1,1,47,0,0,0,19,0,1,1,28,3906.0,3507.0,399.0
AUSO,106,2024-05-03,2028-05-02,888,6) Mayor a 360 dias,,4) $20.001 a $35.000,14,358225.04,358225.04,25,12,13,0,0,0,25,0,0,0,12,0,0,0,13,2535.0,2209.0,326.0
AUSO,106,2024-05-03,2028-05-02,888,6) Mayor a 360 dias,,5) $35.001 a $50.000,1,35821.48,35821.48,0,0,0,0,0,0,0,0,0,0,0,0,0,0,0,0.0,0.0,0.0
AUSO,106,2024-05-03,2028-05-02,888,6) Mayor a 360 dias,,6) $50.001 a $100.000,2,141068.13,141068.13,4,2,2,0,0,0,4,0,0,0,2,0,0,0,2,507.0,392.0,115.0
AUSO,107,2024-05-03,2028-05-02,888,6) Mayor a 360 dias,,1) MENOR A $5.000,166,191493.42,191493.42,273,94,179,1,67,10,195,0,2,0,92,1,65,10,103,11635.0,10020.0,1615.0
AUSO,107,2024-05-03,2028-05-02,888,6) Mayor a 360 dias,,2) $5.001 a $10.000,10,70245.78,70245.78,22,7,15,0,4,2,16,0,0,0,7,0,4,2,9,1322.0,1228.0,94.0
AUSO,107,2024-05-03,2028-05-02,888,6) Mayor a 360 dias,,3) $10.001 a $20.000,5,64386.31,64386.31,11,4,7,0,0,0,11,0,0,0,4,0,0,0,7,897.0,837.0,60.0
AUSO,107,2024-05-03,2028-05-02,888,6) Mayor a 360 dias,,4) $20.001 a $35.000,2,47736.38,47736.38,6,3,3,0,0,0,6,0,0,0,3,0,0,0,3,681.0,655.0,26.0
AUSO,107,2024-05-03,2028-05-02,888,6) Mayor a 360 dias,,6) $50.001 a $100.000,2,111635.01,111635.01,6,3,3,0,0,0,6,0,0,0,3,0,0,0,3,493.0,468.0,25.0
AUSO,108,2024-06-04,2028-06-03,856,6) Mayor a 360 dias,,1) MENOR A $5.000,937,1026997.6,1026997.6,1638,379,1259,590,233,13,802,0,29,1,349,590,204,12,453,46533.0,41085.0,5448.0
AUSO,108,2024-06-04,2028-06-03,856,6) Mayor a 360 dias,,2) $5.001 a $10.000,66,460090.98,460090.98,131,55,76,0,4,0,127,0,0,0,55,0,4,0,72,10182.0,9318.0,864.0
AUSO,108,2024-06-04,2028-06-03,856,6) Mayor a 360 dias,,3) $10.001 a $20.000,56,769784.76,769784.76,88,38,50,0,3,0,85,0,0,0,38,0,3,0,47,7304.0,6467.0,837.0
AUSO,108,2024-06-04,2028-06-03,856,6) Mayor a 360 dias,,4) $20.001 a $35.000,16,412425.0,412425.0,19,8,11,0,2,0,17,0,0,0,8,0,2,0,9,1600.0,1443.0,157.0
AUSO,108,2024-06-04,2028-06-03,856,6) Mayor a 360 dias,,5) $35.001 a $50.000,1,47957.92,47957.92,1,1,0,0,0,0,1,0,0,0,1,0,0,0,0,166.0,166.0,0.0
AUSO,108,2024-06-04,2028-06-03,856,6) Mayor a 360 dias,,6) $50.001 a $100.000,1,73000.0,73000.0,1,0,1,0,0,0,1,0,0,0,0,0,0,0,1,8.0,0.0,8.0
AUSO,109,2024-06-04,2028-06-03,856,6) Mayor a 360 dias,,1) MENOR A $5.000,130,155871.32,155871.32,243,92,151,19,62,6,156,0,4,1,87,19,58,5,69,8992.0,8131.0,861.0
AUSO,109,2024-06-04,2028-06-03,856,6) Mayor a 360 dias,,2) $5.001 a $10.000,10,70255.5,70255.5,335,18,317,18,292,3,22,0,2,2,14,18,290,1,8,2030.0,1471.0,559.0
AUSO,109,2024-06-04,2028-06-03,856,6) Mayor a 360 dias,,3) $10.001 a $20.000,11,142072.84,142072.84,21,7,14,1,0,0,20,0,0,0,7,1,0,0,13,1362.0,1258.0,104.0
AUSO,109,2024-06-04,2028-06-03,856,6) Mayor a 360 dias,,4) $20.001 a $35.000,3,85887.18,85887.18,4,3,1,0,0,0,4,0,0,0,3,0,0,0,1,563.0,555.0,8.0
AUSO,109,2024-06-04,2028-06-03,856,6) Mayor a 360 dias,,5) $35.001 a $50.000,1,36817.31,36817.31,1,0,1,0,0,0,1,0,0,0,0,0,0,0,1,8.0,0.0,8.0
AUSO,109,2024-06-04,2028-06-03,856,6) Mayor a 360 dias,,6) $50.001 a $100.000,2,111919.85,111919.85,13,6,7,0,6,0,7,0,0,0,6,0,6,0,1,605.0,588.0,17.0
AUSO,110,2024-07-02,2028-07-01,828,6) Mayor a 360 dias,,1) MENOR A $5.000,2540,1877759.13,1877759.13,4517,568,3949,2443,1463,39,572,0,73,5,490,2443,1390,34,82,45266.0,39302.0,5964.0
AUSO,110,2024-07-02,2028-07-01,828,6) Mayor a 360 dias,,2) $5.001 a $10.000,105,733569.26,733569.26,173,54,119,3,113,0,57,0,1,0,53,3,112,0,4,6399.0,5981.0,418.0
AUSO,110,2024-07-02,2028-07-01,828,6) Mayor a 360 dias,,3) $10.001 a $20.000,86,1155703.45,1155703.45,147,51,96,2,91,1,53,0,0,0,51,2,91,1,2,5903.0,5682.0,221.0
AUSO,110,2024-07-02,2028-07-01,828,6) Mayor a 360 dias,,4) $20.001 a $35.000,23,560605.19,560605.19,40,11,29,0,26,0,14,0,0,0,11,0,26,0,3,1769.0,1496.0,273.0
AUSO,110,2024-07-02,2028-07-01,828,6) Mayor a 360 dias,,5) $35.001 a $50.000,7,303009.77,303009.77,6,0,6,0,6,0,0,0,0,0,0,0,6,0,0,12.0,0.0,12.0
AUSO,110,2024-07-02,2028-07-01,828,6) Mayor a 360 dias,,6) $50.001 a $100.000,7,516848.15,516848.15,17,4,13,0,13,0,4,0,0,0,4,0,13,0,0,576.0,557.0,19.0
AUSO,111,2024-07-02,2028-07-01,828,6) Mayor a 360 dias,,1) MENOR A $5.000,178,212849.14,212849.14,630,116,514,308,86,4,232,0,5,2,109,308,81,2,123,11584.0,9871.0,1713.0
AUSO,111,2024-07-02,2028-07-01,828,6) Mayor a 360 dias,,2) $5.001 a $10.000,14,100544.94,100544.94,20,12,8,0,0,0,20,0,0,0,12,0,0,0,8,2210.0,1963.0,247.0
AUSO,111,2024-07-02,2028-07-01,828,6) Mayor a 360 dias,,3) $10.001 a $20.000,7,97244.58,97244.58,11,8,3,0,0,0,11,0,0,0,8,0,0,0,3,1299.0,1275.0,24.0
AUSO,111,2024-07-02,2028-07-01,828,6) Mayor a 360 dias,,4) $20.001 a $35.000,5,112345.08,112345.08,9,4,5,0,0,0,9,0,0,0,4,0,0,0,5,753.0,709.0,44.0
AUSO,111,2024-07-02,2028-07-01,828,6) Mayor a 360 dias,,6) $50.001 a $100.000,1,84050.0,84050.0,3,1,2,0,0,0,3,0,0,0,1,0,0,0,2,209.0,193.0,16.0
AUSO,112,2024-08-02,2028-08-01,797,6) Mayor a 360 dias,,1) MENOR A $5.000,1401,1662035.62,1662035.62,2598,704,1894,660,529,27,1382,0,78,4,622,660,451,23,760,71907.0,63610.0,8297.0
AUSO,112,2024-08-02,2028-08-01,797,6) Mayor a 360 dias,,2) $5.001 a $10.000,110,769829.94,769829.94,178,77,101,1,2,3,172,0,0,0,77,1,2,3,95,12246.0,11305.0,941.0
AUSO,112,2024-08-02,2028-08-01,797,6) Mayor a 360 dias,,3) $10.001 a $20.000,78,1132144.49,1132144.49,119,50,69,1,1,0,117,0,0,0,50,1,1,0,67,8241.0,7435.0,806.0
AUSO,112,2024-08-02,2028-08-01,797,6) Mayor a 360 dias,,4) $20.001 a $35.000,39,982254.15,982254.15,62,24,38,1,0,0,61,0,0,0,24,1,0,0,37,3852.0,3385.0,467.0
AUSO,112,2024-08-02,2028-08-01,797,6) Mayor a 360 dias,,5) $35.001 a $50.000,7,301891.87,301891.87,12,4,8,0,0,0,12,0,0,0,4,0,0,0,8,645.0,504.0,141.0
AUSO,112,2024-08-02,2028-08-01,797,6) Mayor a 360 dias,,6) $50.001 a $100.000,3,200334.55,200334.55,8,5,3,0,0,0,8,0,0,0,5,0,0,0,3,578.0,554.0,24.0
AUSO,112,2024-08-02,2028-08-01,797,6) Mayor a 360 dias,,7) $100.001 a $500.000,1,101147.11,101147.11,10,3,7,0,1,0,9,0,0,0,3,0,1,0,6,441.0,392.0,49.0
AUSO,113,2024-08-02,2028-08-01,797,6) Mayor a 360 dias,,1) MENOR A $5.000,209,249669.67,249669.67,665,134,531,310,91,4,260,0,10,0,124,310,81,4,136,14302.0,11993.0,2309.0
AUSO,113,2024-08-02,2028-08-01,797,6) Mayor a 360 dias,,2) $5.001 a $10.000,14,92836.94,92836.94,27,13,14,0,1,0,26,0,0,0,13,0,1,0,13,2306.0,2200.0,106.0
AUSO,113,2024-08-02,2028-08-01,797,6) Mayor a 360 dias,,3) $10.001 a $20.000,10,140518.31,140518.31,26,12,14,0,0,0,26,0,0,0,12,0,0,0,14,1643.0,1347.0,296.0
AUSO,113,2024-08-02,2028-08-01,797,6) Mayor a 360 dias,,4) $20.001 a $35.000,2,55440.35,55440.35,6,2,4,0,0,0,6,0,0,0,2,0,0,0,4,342.0,310.0,32.0
AUSO,113,2024-08-02,2028-08-01,797,6) Mayor a 360 dias,,5) $35.001 a $50.000,1,40475.0,40475.0,6,3,3,0,0,0,6,0,0,0,3,0,0,0,3,403.0,365.0,38.0
AUSO,114,2024-09-03,2028-09-02,765,6) Mayor a 360 dias,,1) MENOR A $5.000,1431,1616280.53,1616280.53,2493,618,1875,655,551,20,1267,0,68,2,548,655,483,18,719,59822.0,51209.0,8613.0
AUSO,114,2024-09-03,2028-09-02,765,6) Mayor a 360 dias,,2) $5.001 a $10.000,107,769366.22,769366.22,192,72,120,1,2,1,188,0,0,0,72,1,2,1,116,10884.0,9584.0,1300.0
AUSO,114,2024-09-03,2028-09-02,765,6) Mayor a 360 dias,,3) $10.001 a $20.000,85,1236703.74,1236703.74,162,75,87,0,4,2,156,0,0,0,75,0,4,2,81,9876.0,9009.0,867.0
AUSO,114,2024-09-03,2028-09-02,765,6) Mayor a 360 dias,,4) $20.001 a $35.000,23,575224.07,575224.07,34,19,15,0,0,0,34,0,0,0,19,0,0,0,15,2759.0,2639.0,120.0
AUSO,114,2024-09-03,2028-09-02,765,6) Mayor a 360 dias,,5) $35.001 a $50.000,4,169911.22,169911.22,4,2,2,0,0,0,4,0,0,0,2,0,0,0,2,321.0,305.0,16.0
AUSO,114,2024-09-03,2028-09-02,765,6) Mayor a 360 dias,,6) $50.001 a $100.000,6,383127.67,383127.67,14,6,8,0,0,0,14,0,0,0,6,0,0,0,8,645.0,577.0,68.0
AUSO,114,2024-09-03,2028-09-02,765,6) Mayor a 360 dias,,7) $100.001 a $500.000,1,138240.59,138240.59,1,0,1,0,0,0,1,0,0,0,0,0,0,0,1,8.0,0.0,8.0
AUSO,115,2024-09-03,2028-09-02,765,6) Mayor a 360 dias,,1) MENOR A $5.000,220,291923.74,291923.74,355,141,214,14,82,3,256,0,8,0,133,14,74,3,123,13518.0,11994.0,1524.0
AUSO,115,2024-09-03,2028-09-02,765,6) Mayor a 360 dias,,2) $5.001 a $10.000,16,116387.08,116387.08,21,14,7,0,1,0,20,0,0,0,14,0,1,0,6,2280.0,2084.0,196.0
AUSO,115,2024-09-03,2028-09-02,765,6) Mayor a 360 dias,,3) $10.001 a $20.000,7,95409.04,95409.04,10,7,3,0,0,0,10,0,0,0,7,0,0,0,3,1027.0,1003.0,24.0
AUSO,115,2024-09-03,2028-09-02,765,6) Mayor a 360 dias,,4) $20.001 a $35.000,5,136526.78,136526.78,5,2,3,0,0,0,5,0,0,0,2,0,0,0,3,316.0,292.0,24.0
AUSO,115,2024-09-03,2028-09-02,765,6) Mayor a 360 dias,,5) $35.001 a $50.000,3,134235.35,134235.35,3,1,2,0,0,0,3,0,0,0,1,0,0,0,2,109.0,93.0,16.0
AUSO,115,2024-09-03,2028-09-02,765,6) Mayor a 360 dias,,7) $100.001 a $500.000,2,296469.18,296469.18,2,1,1,0,0,0,2,0,0,0,1,0,0,0,1,86.0,78.0,8.0
AUSO,116,2024-10-02,2028-10-01,736,6) Mayor a 360 dias,,1) MENOR A $5.000,1127,1483093.24,1483093.24,1997,482,1515,604,232,13,1148,0,33,2,447,604,199,11,701,47389.0,39325.0,8064.0
AUSO,116,2024-10-02,2028-10-01,736,6) Mayor a 360 dias,,2) $5.001 a $10.000,117,835725.71,835725.71,187,64,123,1,6,0,180,0,0,0,64,1,6,0,116,8457.0,7168.0,1289.0
AUSO,116,2024-10-02,2028-10-01,736,6) Mayor a 360 dias,,3) $10.001 a $20.000,70,1025109.59,1025109.59,151,53,98,0,8,2,141,0,1,0,52,0,7,2,89,6724.0,5751.0,973.0
AUSO,116,2024-10-02,2028-10-01,736,6) Mayor a 360 dias,,4) $20.001 a $35.000,31,805637.0,805637.0,45,20,25,0,2,0,43,0,0,0,20,0,2,0,23,2853.0,2495.0,358.0
AUSO,116,2024-10-02,2028-10-01,736,6) Mayor a 360 dias,,5) $35.001 a $50.000,10,404058.6,404058.6,15,8,7,0,0,0,15,0,0,0,8,0,0,0,7,1171.0,1038.0,133.0
AUSO,116,2024-10-02,2028-10-01,736,6) Mayor a 360 dias,,6) $50.001 a $100.000,6,356220.02,356220.02,14,6,8,0,1,0,13,0,0,0,6,0,1,0,7,732.0,617.0,115.0
AUSO,116,2024-10-02,2028-10-01,736,6) Mayor a 360 dias,,7) $100.001 a $500.000,2,419839.79,419839.79,2,1,1,0,0,0,2,0,0,0,1,0,0,0,1,40.0,32.0,8.0
AUSO,117,2024-10-02,2028-10-01,736,6) Mayor a 360 dias,,1) MENOR A $5.000,148,196663.53,196663.53,566,93,473,310,47,7,202,0,1,1,91,310,46,6,111,8375.0,7131.0,1244.0
AUSO,117,2024-10-02,2028-10-01,736,6) Mayor a 360 dias,,2) $5.001 a $10.000,13,91826.28,91826.28,18,7,11,0,0,0,18,0,0,0,7,0,0,0,11,988.0,896.0,92.0
AUSO,117,2024-10-02,2028-10-01,736,6) Mayor a 360 dias,,3) $10.001 a $20.000,7,92287.92,92287.92,8,2,6,0,0,0,8,0,0,0,2,0,0,0,6,195.0,147.0,48.0
AUSO,117,2024-10-02,2028-10-01,736,6) Mayor a 360 dias,,4) $20.001 a $35.000,6,153204.77,153204.77,7,3,4,0,0,0,7,0,0,0,3,0,0,0,4,434.0,402.0,32.0
AUSO,117,2024-10-02,2028-10-01,736,6) Mayor a 360 dias,,5) $35.001 a $50.000,1,44075.0,44075.0,2,0,2,0,0,0,2,0,0,0,0,0,0,0,2,16.0,0.0,16.0
AUSO,117,2024-10-02,2028-10-01,736,6) Mayor a 360 dias,,6) $50.001 a $100.000,1,50240.84,50240.84,1,1,0,0,0,0,1,0,0,0,1,0,0,0,0,76.0,76.0,0.0
AUSO,118,2024-11-01,2028-10-31,706,6) Mayor a 360 dias,,1) MENOR A $5.000,1198,1405528.56,1405528.56,2111,479,1632,858,145,22,1086,0,17,4,458,858,128,18,628,44394.0,37565.0,6829.0
AUSO,118,2024-11-01,2028-10-31,706,6) Mayor a 360 dias,,2) $5.001 a $10.000,113,787784.28,787784.28,178,72,106,0,6,1,171,0,0,0,72,0,6,1,99,8646.0,7597.0,1049.0
AUSO,118,2024-11-01,2028-10-31,706,6) Mayor a 360 dias,,3) $10.001 a $20.000,79,1076882.14,1076882.14,148,59,89,1,3,3,141,0,0,0,59,1,3,3,82,6496.0,5633.0,863.0
AUSO,118,2024-11-01,2028-10-31,706,6) Mayor a 360 dias,,4) $20.001 a $35.000,35,924928.27,924928.27,67,25,42,0,2,0,65,0,0,0,25,0,2,0,40,2821.0,2497.0,324.0
AUSO,118,2024-11-01,2028-10-31,706,6) Mayor a 360 dias,,5) $35.001 a $50.000,8,311650.0,311650.0,15,7,8,0,1,0,14,0,0,0,7,0,1,0,7,779.0,721.0,58.0
AUSO,118,2024-11-01,2028-10-31,706,6) Mayor a 360 dias,,6) $50.001 a $100.000,5,334277.5,334277.5,15,5,10,0,0,0,15,0,0,0,5,0,0,0,10,601.0,503.0,98.0
AUSO,118,2024-11-01,2028-10-31,706,6) Mayor a 360 dias,,7) $100.001 a $500.000,3,415159.1,415159.1,3,0,3,1,0,0,2,0,0,0,0,1,0,0,2,16.0,0.0,16.0
AUSO,119,2024-11-01,2028-10-31,706,6) Mayor a 360 dias,,1) MENOR A $5.000,133,211087.41,211087.41,217,87,130,2,18,5,192,0,1,1,85,2,17,4,107,7884.0,6539.0,1345.0
AUSO,119,2024-11-01,2028-10-31,706,6) Mayor a 360 dias,,2) $5.001 a $10.000,9,60472.05,60472.05,15,7,8,0,0,0,15,0,0,0,7,0,0,0,8,799.0,735.0,64.0
AUSO,119,2024-11-01,2028-10-31,706,6) Mayor a 360 dias,,3) $10.001 a $20.000,4,53596.54,53596.54,17,3,14,0,0,2,15,0,0,0,3,0,0,2,12,344.0,236.0,108.0
AUSO,119,2024-11-01,2028-10-31,706,6) Mayor a 360 dias,,4) $20.001 a $35.000,3,66206.39,66206.39,5,1,4,0,0,0,5,0,0,0,1,0,0,0,4,256.0,106.0,150.0
AUSO,119,2024-11-01,2028-10-31,706,6) Mayor a 360 dias,,6) $50.001 a $100.000,3,214537.49,214537.49,3,3,0,0,0,0,3,0,0,0,3,0,0,0,0,274.0,274.0,0.0
AUSO,120,2024-12-02,2028-12-01,675,6) Mayor a 360 dias,,1) MENOR A $5.000,1107,1453207.36,1453207.36,1911,442,1469,763,101,15,1032,0,20,3,419,763,81,12,613,42093.0,35457.0,6636.0
AUSO,120,2024-12-02,2028-12-01,675,6) Mayor a 360 dias,,2) $5.001 a $10.000,116,808853.52,808853.52,192,74,118,0,4,2,186,0,1,0,73,0,3,2,113,8945.0,7687.0,1258.0
AUSO,120,2024-12-02,2028-12-01,675,6) Mayor a 360 dias,,3) $10.001 a $20.000,93,1290786.58,1290786.58,150,55,95,1,4,0,145,0,1,0,54,1,3,0,91,6520.0,5326.0,1194.0
AUSO,120,2024-12-02,2028-12-01,675,6) Mayor a 360 dias,,4) $20.001 a $35.000,70,1868925.15,1868925.15,107,50,57,3,8,1,95,0,2,1,47,3,6,0,48,4970.0,4471.0,499.0
AUSO,120,2024-12-02,2028-12-01,675,6) Mayor a 360 dias,,5) $35.001 a $50.000,17,721462.02,721462.02,30,13,17,0,2,0,28,0,0,0,13,0,2,0,15,1636.0,1385.0,251.0
AUSO,120,2024-12-02,2028-12-01,675,6) Mayor a 360 dias,,6) $50.001 a $100.000,13,841744.01,841744.01,21,10,11,0,0,0,21,0,0,0,10,0,0,0,11,1135.0,962.0,173.0
AUSO,120,2024-12-02,2028-12-01,675,6) Mayor a 360 dias,,7) $100.001 a $500.000,2,595645.24,595645.24,5,2,3,0,2,0,3,0,0,0,2,0,2,0,1,181.0,169.0,12.0
AUSO,120,2024-12-02,2028-12-01,675,6) Mayor a 360 dias,,8) >$500.000,1,824380.51,824380.51,1,1,0,0,0,0,1,0,0,0,1,0,0,0,0,57.0,57.0,0.0
AUSO,121,2024-12-02,2028-12-01,675,6) Mayor a 360 dias,,1) MENOR A $5.000,132,227541.88,227541.88,239,79,160,8,27,10,194,0,1,1,77,8,26,9,117,7958.0,6552.0,1406.0
AUSO,121,2024-12-02,2028-12-01,675,6) Mayor a 360 dias,,2) $5.001 a $10.000,19,131704.88,131704.88,30,7,23,1,1,0,28,0,0,0,7,1,1,0,21,1067.0,753.0,314.0
AUSO,121,2024-12-02,2028-12-01,675,6) Mayor a 360 dias,,3) $10.001 a $20.000,14,188323.1,188323.1,25,11,14,1,1,0,23,0,0,0,11,1,1,0,12,1095.0,997.0,98.0
AUSO,121,2024-12-02,2028-12-01,675,6) Mayor a 360 dias,,4) $20.001 a $35.000,3,93930.29,93930.29,4,2,2,0,0,0,4,0,0,0,2,0,0,0,2,325.0,234.0,91.0
AUSO,121,2024-12-02,2028-12-01,675,6) Mayor a 360 dias,,5) $35.001 a $50.000,3,127868.66,127868.66,7,5,2,0,0,0,7,0,0,0,5,0,0,0,2,570.0,554.0,16.0
AUSO,121,2024-12-02,2028-12-01,675,6) Mayor a 360 dias,,6) $50.001 a $100.000,2,126668.65,126668.65,29,8,21,2,16,0,11,0,3,0,5,2,13,0,6,489.0,292.0,197.0
AUSO,122,2025-01-03,2029-01-02,643,6) Mayor a 360 dias,,1) MENOR A $5.000,1211,2036144.73,2036144.73,2432,629,1803,784,61,25,1562,0,6,2,621,784,55,23,941,60979.0,50489.0,10490.0
AUSO,122,2025-01-03,2029-01-02,643,6) Mayor a 360 dias,,2) $5.001 a $10.000,173,1231448.89,1231448.89,374,134,240,50,6,9,309,0,0,5,129,50,6,4,180,13825.0,12013.0,1812.0
AUSO,122,2025-01-03,2029-01-02,643,6) Mayor a 360 dias,,3) $10.001 a $20.000,126,1796711.65,1796711.65,246,75,171,34,6,3,203,0,0,0,75,34,6,3,128,8483.0,7048.0,1435.0
AUSO,122,2025-01-03,2029-01-02,643,6) Mayor a 360 dias,,4) $20.001 a $35.000,91,2412723.59,2412723.59,197,68,129,24,8,5,160,0,1,2,65,24,7,3,95,7206.0,6030.0,1176.0
AUSO,122,2025-01-03,2029-01-02,643,6) Mayor a 360 dias,,5) $35.001 a $50.000,39,1661576.93,1661576.93,75,22,53,5,0,0,70,0,0,0,22,5,0,0,48,2702.0,2166.0,536.0
AUSO,122,2025-01-03,2029-01-02,643,6) Mayor a 360 dias,,6) $50.001 a $100.000,29,1943705.25,1943705.25,96,21,75,10,39,2,45,0,0,0,21,10,39,2,24,1896.0,1532.0,364.0
AUSO,122,2025-01-03,2029-01-02,643,6) Mayor a 360 dias,,7) $100.001 a $500.000,9,1403532.38,1403532.38,16,7,9,0,0,0,16,0,0,0,7,0,0,0,9,607.0,534.0,73.0
AUSO,123,2025-01-03,2029-01-02,643,6) Mayor a 360 dias,,1) MENOR A $5.000,208,339581.87,339581.87,379,121,258,62,23,3,291,0,1,2,118,62,22,1,173,11519.0,9528.0,1991.0
AUSO,123,2025-01-03,2029-01-02,643,6) Mayor a 360 dias,,2) $5.001 a $10.000,19,139150.6,139150.6,32,7,25,6,0,0,26,0,0,0,7,6,0,0,19,1124.0,695.0,429.0
AUSO,123,2025-01-03,2029-01-02,643,6) Mayor a 360 dias,,3) $10.001 a $20.000,17,225245.38,225245.38,25,13,12,5,0,1,19,0,0,1,12,5,0,0,7,1206.0,1150.0,56.0
AUSO,123,2025-01-03,2029-01-02,643,6) Mayor a 360 dias,,4) $20.001 a $35.000,7,190717.19,190717.19,14,6,8,0,0,0,14,0,0,0,6,0,0,0,8,729.0,549.0,180.0
AUSO,123,2025-01-03,2029-01-02,643,6) Mayor a 360 dias,,5) $35.001 a $50.000,4,164528.84,164528.84,7,2,5,0,0,0,7,0,0,0,2,0,0,0,5,227.0,187.0,40.0
AUSO,123,2025-01-03,2029-01-02,643,6) Mayor a 360 dias,,6) $50.001 a $100.000,4,243104.19,243104.19,7,5,2,1,0,0,6,0,0,0,5,1,0,0,1,511.0,503.0,8.0
AUSO,124,2025-02-04,2029-02-03,611,6) Mayor a 360 dias,,1) MENOR A $5.000,1293,2140382.77,2140382.77,2590,624,1966,810,267,24,1489,0,15,6,603,810,252,18,886,58757.0,48607.0,10150.0
AUSO,124,2025-02-04,2029-02-03,611,6) Mayor a 360 dias,,2) $5.001 a $10.000,184,1310777.72,1310777.72,342,111,231,56,14,2,270,0,0,0,111,56,14,2,159,12060.0,10280.0,1780.0
AUSO,124,2025-02-04,2029-02-03,611,6) Mayor a 360 dias,,3) $10.001 a $20.000,117,1686093.94,1686093.94,237,91,146,27,10,10,190,0,0,3,88,27,10,7,102,9181.0,8082.0,1099.0
AUSO,124,2025-02-04,2029-02-03,611,6) Mayor a 360 dias,,4) $20.001 a $35.000,73,1983161.49,1983161.49,140,48,92,14,4,1,121,0,0,0,48,14,4,1,73,5112.0,4214.0,898.0
AUSO,124,2025-02-04,2029-02-03,611,6) Mayor a 360 dias,,5) $35.001 a $50.000,33,1372054.33,1372054.33,63,23,40,13,2,0,48,0,0,0,23,13,2,0,25,2369.0,1992.0,377.0
AUSO,124,2025-02-04,2029-02-03,611,6) Mayor a 360 dias,,6) $50.001 a $100.000,26,1818669.21,1818669.21,45,19,26,6,0,0,39,0,0,0,19,6,0,0,20,1910.0,1533.0,377.0
AUSO,124,2025-02-04,2029-02-03,611,6) Mayor a 360 dias,,7) $100.001 a $500.000,11,2080615.24,2080615.24,21,7,14,3,2,0,16,0,0,0,7,3,2,0,9,718.0,539.0,179.0
AUSO,124,2025-02-04,2029-02-03,611,6) Mayor a 360 dias,,8) >$500.000,1,599911.61,599911.61,2,2,0,0,0,0,2,0,0,0,2,0,0,0,0,152.0,152.0,0.0
AUSO,125,2025-02-04,2029-02-03,611,6) Mayor a 360 dias,,1) MENOR A $5.000,184,321745.66,321745.66,337,107,230,61,35,1,240,0,4,0,103,61,31,1,137,9971.0,8273.0,1698.0
AUSO,125,2025-02-04,2029-02-03,611,6) Mayor a 360 dias,,2) $5.001 a $10.000,13,90743.5,90743.5,25,9,16,2,1,0,22,0,0,0,9,2,1,0,13,1011.0,836.0,175.0
AUSO,125,2025-02-04,2029-02-03,611,6) Mayor a 360 dias,,3) $10.001 a $20.000,19,250322.78,250322.78,34,15,19,5,0,0,29,0,0,0,15,5,0,0,14,1461.0,1299.0,162.0
AUSO,125,2025-02-04,2029-02-03,611,6) Mayor a 360 dias,,4) $20.001 a $35.000,10,255566.04,255566.04,18,3,15,1,1,0,16,0,0,0,3,1,1,0,13,509.0,291.0,218.0
AUSO,125,2025-02-04,2029-02-03,611,6) Mayor a 360 dias,,5) $35.001 a $50.000,1,46351.29,46351.29,0,0,0,0,0,0,0,0,0,0,0,0,0,0,0,0.0,0.0,0.0
AUSO,125,2025-02-04,2029-02-03,611,6) Mayor a 360 dias,,6) $50.001 a $100.000,3,172417.9,172417.9,7,4,3,1,0,0,6,0,0,0,4,1,0,0,2,285.0,269.0,16.0
AUSO,126,2025-03-06,2029-03-05,581,6) Mayor a 360 dias,,1) MENOR A $5.000,1356,2321474.1,2321474.1,2649,714,1935,769,235,25,1620,0,15,5,694,769,220,20,926,67845.0,56883.0,10962.0
AUSO,126,2025-03-06,2029-03-05,581,6) Mayor a 360 dias,,2) $5.001 a $10.000,182,1283743.24,1283743.24,367,127,240,56,12,1,298,0,0,1,126,56,12,0,172,13115.0,11110.0,2005.0
AUSO,126,2025-03-06,2029-03-05,581,6) Mayor a 360 dias,,3) $10.001 a $20.000,151,2147570.54,2147570.54,304,103,201,35,10,7,252,0,1,3,99,35,9,4,153,10684.0,8745.0,1939.0
AUSO,126,2025-03-06,2029-03-05,581,6) Mayor a 360 dias,,4) $20.001 a $35.000,107,2893647.81,2893647.81,192,76,116,28,7,2,155,0,1,1,74,28,6,1,81,7505.0,6670.0,835.0
AUSO,126,2025-03-06,2029-03-05,581,6) Mayor a 360 dias,,5) $35.001 a $50.000,50,2067930.58,2067930.58,113,49,64,13,3,5,92,0,0,0,49,13,3,5,43,4615.0,4189.0,426.0
AUSO,126,2025-03-06,2029-03-05,581,6) Mayor a 360 dias,,6) $50.001 a $100.000,48,3285741.07,3285741.07,99,41,58,9,1,0,89,0,0,0,41,9,1,0,48,4385.0,3338.0,1047.0
AUSO,126,2025-03-06,2029-03-05,581,6) Mayor a 360 dias,,7) $100.001 a $500.000,15,2693128.87,2693128.87,26,12,14,3,0,0,23,0,0,0,12,3,0,0,11,1173.0,929.0,244.0
AUSO,126,2025-03-06,2029-03-05,581,6) Mayor a 360 dias,,8) >$500.000,1,942084.12,942084.12,1,1,0,0,0,0,1,0,0,0,1,0,0,0,0,65.0,65.0,0.0
AUSO,127,2025-03-06,2029-03-05,581,6) Mayor a 360 dias,,1) MENOR A $5.000,198,342253.81,342253.81,394,134,260,59,39,7,289,0,5,4,125,59,34,3,164,12151.0,9968.0,2183.0
AUSO,127,2025-03-06,2029-03-05,581,6) Mayor a 360 dias,,2) $5.001 a $10.000,16,116027.58,116027.58,40,14,26,4,0,0,36,0,0,0,14,4,0,0,22,1659.0,1231.0,428.0
AUSO,127,2025-03-06,2029-03-05,581,6) Mayor a 360 dias,,3) $10.001 a $20.000,13,168601.52,168601.52,18,10,8,2,0,0,16,0,0,0,10,2,0,0,6,1024.0,913.0,111.0
AUSO,127,2025-03-06,2029-03-05,581,6) Mayor a 360 dias,,4) $20.001 a $35.000,14,340117.33,340117.33,21,6,15,3,1,0,17,0,0,0,6,3,1,0,11,669.0,439.0,230.0
AUSO,127,2025-03-06,2029-03-05,581,6) Mayor a 360 dias,,5) $35.001 a $50.000,4,175113.13,175113.13,5,1,4,2,0,0,3,0,0,0,1,2,0,0,2,103.0,84.0,19.0
AUSO,127,2025-03-06,2029-03-05,581,6) Mayor a 360 dias,,6) $50.001 a $100.000,3,161473.14,161473.14,3,2,1,0,0,0,3,0,0,0,2,0,0,0,1,126.0,118.0,8.0
AUSO,127,2025-03-06,2029-03-05,581,6) Mayor a 360 dias,,7) $100.001 a $500.000,1,110378.69,110378.69,1,1,0,0,0,0,1,0,0,0,1,0,0,0,0,110.0,110.0,0.0
AUSO,128,2025-04-04,2029-04-03,552,6) Mayor a 360 dias,,1) MENOR A $5.000,2764,4412019.81,4412019.81,5721,1439,4282,1708,463,39,3511,0,45,9,1385,1708,418,30,2126,133456.0,106191.0,27265.0
AUSO,128,2025-04-04,2029-04-03,552,6) Mayor a 360 dias,,2) $5.001 a $10.000,333,2299544.65,2299544.65,644,222,422,87,17,20,520,0,0,4,218,87,17,16,302,22062.0,18465.0,3597.0
AUSO,128,2025-04-04,2029-04-03,552,6) Mayor a 360 dias,,3) $10.001 a $20.000,246,3486695.52,3486695.52,451,164,287,74,11,6,360,0,0,1,163,74,11,5,197,16212.0,13567.0,2645.0
AUSO,128,2025-04-04,2029-04-03,552,6) Mayor a 360 dias,,4) $20.001 a $35.000,145,3783590.01,3783590.01,270,107,163,52,6,1,211,0,0,0,107,52,6,1,104,10349.0,8852.0,1497.0
AUSO,128,2025-04-04,2029-04-03,552,6) Mayor a 360 dias,,5) $35.001 a $50.000,53,2212207.51,2212207.51,89,32,57,16,1,3,69,0,0,1,31,16,1,2,38,3525.0,2908.0,617.0
AUSO,128,2025-04-04,2029-04-03,552,6) Mayor a 360 dias,,6) $50.001 a $100.000,48,3174429.77,3174429.77,102,40,62,14,7,5,76,0,0,0,40,14,7,5,36,4067.0,3336.0,731.0
AUSO,128,2025-04-04,2029-04-03,552,6) Mayor a 360 dias,,7) $100.001 a $500.000,19,2567565.76,2567565.76,42,17,25,6,1,0,35,0,0,0,17,6,1,0,18,1812.0,1460.0,352.0
AUSO,129,2025-04-04,2029-04-03,552,6) Mayor a 360 dias,,1) MENOR A $5.000,3160,3098129.77,3098129.77,6335,1666,4669,1420,656,36,4223,0,43,6,1617,1420,613,30,2606,157166.0,123495.0,33671.0
AUSO,129,2025-04-04,2029-04-03,552,6) Mayor a 360 dias,,2) $5.001 a $10.000,110,754296.03,754296.03,181,68,113,18,7,1,155,0,1,1,66,18,6,0,89,6396.0,5345.0,1051.0
AUSO,129,2025-04-04,2029-04-03,552,6) Mayor a 360 dias,,3) $10.001 a $20.000,39,531283.36,531283.36,405,48,357,21,293,3,88,0,6,2,40,21,287,1,48,3908.0,2881.0,1027.0
AUSO,129,2025-04-04,2029-04-03,552,6) Mayor a 360 dias,,4) $20.001 a $35.000,21,545838.58,545838.58,36,18,18,3,1,2,30,0,0,2,16,3,1,0,14,1499.0,1300.0,199.0
AUSO,129,2025-04-04,2029-04-03,552,6) Mayor a 360 dias,,5) $35.001 a $50.000,9,373011.79,373011.79,13,9,4,0,0,0,13,0,0,0,9,0,0,0,4,714.0,629.0,85.0
AUSO,129,2025-04-04,2029-04-03,552,6) Mayor a 360 dias,,6) $50.001 a $100.000,8,514827.48,514827.48,18,4,14,6,0,0,12,0,0,0,4,6,0,0,8,349.0,285.0,64.0
AUSO,129,2025-04-04,2029-04-03,552,6) Mayor a 360 dias,,7) $100.001 a $500.000,1,189356.01,189356.01,4,0,4,0,0,0,4,0,0,0,0,0,0,0,4,32.0,0.0,32.0
AUSO,130,2025-05-06,2029-05-05,520,6) Mayor a 360 dias,,1) MENOR A $5.000,1332,2397211.73,2397211.73,2645,776,1869,642,131,35,1837,0,11,9,756,642,120,26,1081,70419.0,57023.0,13396.0
AUSO,130,2025-05-06,2029-05-05,520,6) Mayor a 360 dias,,2) $5.001 a $10.000,201,1422935.85,1422935.85,424,142,282,57,29,3,335,0,3,1,138,57,26,2,197,13693.0,10849.0,2844.0
AUSO,130,2025-05-06,2029-05-05,520,6) Mayor a 360 dias,,3) $10.001 a $20.000,134,1923433.35,1923433.35,252,102,150,25,3,3,221,0,0,1,101,25,3,2,120,8970.0,7465.0,1505.0
AUSO,130,2025-05-06,2029-05-05,520,6) Mayor a 360 dias,,4) $20.001 a $35.000,79,2098803.76,2098803.76,133,59,74,16,2,4,111,0,0,1,58,16,2,3,53,5279.0,4708.0,571.0
AUSO,130,2025-05-06,2029-05-05,520,6) Mayor a 360 dias,,5) $35.001 a $50.000,40,1638916.99,1638916.99,92,36,56,7,2,1,82,0,0,0,36,7,2,1,46,3631.0,2722.0,909.0
AUSO,130,2025-05-06,2029-05-05,520,6) Mayor a 360 dias,,6) $50.001 a $100.000,43,2828437.7,2828437.7,106,46,60,11,6,4,85,0,0,0,46,11,6,4,39,3936.0,3352.0,584.0
AUSO,130,2025-05-06,2029-05-05,520,6) Mayor a 360 dias,,7) $100.001 a $500.000,14,2485981.27,2485981.27,28,10,18,5,0,0,23,0,0,0,10,5,0,0,13,1191.0,845.0,346.0
AUSO,130,2025-05-06,2029-05-05,520,6) Mayor a 360 dias,,8) >$500.000,1,845846.13,845846.13,1,1,0,0,0,0,1,0,0,0,1,0,0,0,0,38.0,38.0,0.0
AUSO,131,2025-05-06,2029-05-05,520,6) Mayor a 360 dias,,1) MENOR A $5.000,220,419681.91,419681.91,445,142,303,49,15,6,375,0,1,2,139,49,14,4,236,13110.0,10346.0,2764.0
AUSO,131,2025-05-06,2029-05-05,520,6) Mayor a 360 dias,,2) $5.001 a $10.000,27,174044.34,174044.34,61,23,38,9,1,2,49,0,0,0,23,9,1,2,26,2216.0,1943.0,273.0
AUSO,131,2025-05-06,2029-05-05,520,6) Mayor a 360 dias,,3) $10.001 a $20.000,20,282872.81,282872.81,32,18,14,1,0,1,30,0,0,1,17,1,0,0,13,1443.0,1309.0,134.0
AUSO,131,2025-05-06,2029-05-05,520,6) Mayor a 360 dias,,4) $20.001 a $35.000,9,222181.71,222181.71,22,8,14,3,0,0,19,0,0,0,8,3,0,0,11,902.0,726.0,176.0
AUSO,131,2025-05-06,2029-05-05,520,6) Mayor a 360 dias,,5) $35.001 a $50.000,5,192978.0,192978.0,20,5,15,0,0,1,19,0,0,0,5,0,0,1,14,605.0,412.0,193.0
AUSO,131,2025-05-06,2029-05-05,520,6) Mayor a 360 dias,,6) $50.001 a $100.000,3,175780.61,175780.61,5,3,2,0,0,0,5,0,0,0,3,0,0,0,2,309.0,293.0,16.0
AUSO,131,2025-05-06,2029-05-05,520,6) Mayor a 360 dias,,7) $100.001 a $500.000,2,225308.19,225308.19,8,6,2,0,0,0,8,0,0,0,6,0,0,0,2,382.0,366.0,16.0
AUSO,132,2025-06-03,2029-06-02,492,6) Mayor a 360 dias,,1) MENOR A $5.000,905,2106433.58,2106433.58,1766,639,1127,191,41,10,1524,0,0,2,637,191,41,8,887,58228.0,47366.0,10862.0
AUSO,132,2025-06-03,2029-06-02,492,6) Mayor a 360 dias,,2) $5.001 a $10.000,220,1550606.36,1550606.36,578,153,425,50,154,7,367,0,3,2,148,50,151,5,219,13747.0,11036.0,2711.0
AUSO,132,2025-06-03,2029-06-02,492,6) Mayor a 360 dias,,3) $10.001 a $20.000,158,2231897.86,2231897.86,318,116,202,47,3,5,263,0,0,2,114,47,3,3,149,10355.0,8590.0,1765.0
AUSO,132,2025-06-03,2029-06-02,492,6) Mayor a 360 dias,,4) $20.001 a $35.000,97,2634550.12,2634550.12,194,87,107,20,5,1,168,0,0,1,86,20,5,0,82,7643.0,6490.0,1153.0
AUSO,132,2025-06-03,2029-06-02,492,6) Mayor a 360 dias,,5) $35.001 a $50.000,45,1873168.09,1873168.09,75,29,46,6,4,1,64,0,0,0,29,6,4,1,35,2891.0,2366.0,525.0
AUSO,132,2025-06-03,2029-06-02,492,6) Mayor a 360 dias,,6) $50.001 a $100.000,38,2600162.58,2600162.58,88,33,55,12,16,2,58,0,0,0,33,12,16,2,25,3371.0,2571.0,800.0
AUSO,132,2025-06-03,2029-06-02,492,6) Mayor a 360 dias,,7) $100.001 a $500.000,10,1903307.62,1903307.62,12,8,4,0,1,0,11,0,1,0,7,0,0,0,4,593.0,501.0,92.0
AUSO,132,2025-06-03,2029-06-02,492,6) Mayor a 360 dias,,8) >$500.000,1,979960.54,979960.54,5,1,4,4,0,0,1,0,0,0,1,4,0,0,0,81.0,81.0,0.0
AUSO,133,2025-06-03,2029-06-02,492,6) Mayor a 360 dias,,1) MENOR A $5.000,143,312098.34,312098.34,274,94,180,28,12,0,234,0,0,0,94,28,12,0,140,8334.0,6756.0,1578.0
AUSO,133,2025-06-03,2029-06-02,492,6) Mayor a 360 dias,,2) $5.001 a $10.000,21,139479.92,139479.92,50,23,27,3,2,1,44,0,0,0,23,3,2,1,21,1769.0,1554.0,215.0
AUSO,133,2025-06-03,2029-06-02,492,6) Mayor a 360 dias,,3) $10.001 a $20.000,7,107716.13,107716.13,12,3,9,1,0,0,11,0,0,0,3,1,0,0,8,294.0,230.0,64.0
AUSO,133,2025-06-03,2029-06-02,492,6) Mayor a 360 dias,,4) $20.001 a $35.000,11,314873.27,314873.27,17,6,11,2,0,1,14,0,0,0,6,2,0,1,8,505.0,383.0,122.0
AUSO,133,2025-06-03,2029-06-02,492,6) Mayor a 360 dias,,5) $35.001 a $50.000,1,36954.9,36954.9,1,0,1,0,0,0,1,0,0,0,0,0,0,0,1,8.0,0.0,8.0
AUSO,133,2025-06-03,2029-06-02,492,6) Mayor a 360 dias,,6) $50.001 a $100.000,1,65415.8,65415.8,2,2,0,0,0,0,2,0,0,0,2,0,0,0,0,202.0,202.0,0.0
AUSO,134,2025-07-03,2029-07-02,462,6) Mayor a 360 dias,,1) MENOR A $5.000,1412,2797443.06,2797443.06,3257,903,2354,1000,140,37,2080,0,6,3,894,1000,134,34,1186,75997.0,61367.0,14630.0
AUSO,134,2025-07-03,2029-07-02,462,6) Mayor a 360 dias,,2) $5.001 a $10.000,240,1703138.45,1703138.45,500,182,318,59,23,4,414,0,0,1,181,59,23,3,233,17033.0,13536.0,3497.0
AUSO,134,2025-07-03,2029-07-02,462,6) Mayor a 360 dias,,3) $10.001 a $20.000,164,2302633.77,2302633.77,298,135,163,23,11,1,263,0,1,1,133,23,10,0,130,11438.0,9293.0,2145.0
AUSO,134,2025-07-03,2029-07-02,462,6) Mayor a 360 dias,,4) $20.001 a $35.000,108,2810450.64,2810450.64,214,85,129,29,4,5,176,0,0,2,83,29,4,3,93,7558.0,5941.0,1617.0
AUSO,134,2025-07-03,2029-07-02,462,6) Mayor a 360 dias,,5) $35.001 a $50.000,39,1665141.81,1665141.81,85,34,51,6,2,2,75,0,0,1,33,6,2,1,42,3860.0,2429.0,1431.0
AUSO,134,2025-07-03,2029-07-02,462,6) Mayor a 360 dias,,6) $50.001 a $100.000,33,2126269.8,2126269.8,86,47,39,5,2,2,77,0,0,1,46,5,2,1,31,4071.0,3120.0,951.0
AUSO,134,2025-07-03,2029-07-02,462,6) Mayor a 360 dias,,7) $100.001 a $500.000,12,1979108.97,1979108.97,25,13,12,3,1,0,21,0,0,0,13,3,1,0,8,1054.0,950.0,104.0
AUSO,134,2025-07-03,2029-07-02,462,6) Mayor a 360 dias,,8) >$500.000,1,531172.24,531172.24,2,1,1,0,0,0,2,0,0,0,1,0,0,0,1,156.0,62.0,94.0
AUSO,135,2025-07-03,2029-07-02,462,6) Mayor a 360 dias,,1) MENOR A $5.000,204,382921.55,382921.55,685,127,558,345,28,5,307,0,0,0,127,345,28,5,180,11500.0,9185.0,2315.0
AUSO,135,2025-07-03,2029-07-02,462,6) Mayor a 360 dias,,2) $5.001 a $10.000,27,184920.35,184920.35,69,25,44,12,4,0,53,0,0,0,25,12,4,0,28,2162.0,1877.0,285.0
AUSO,135,2025-07-03,2029-07-02,462,6) Mayor a 360 dias,,3) $10.001 a $20.000,12,168976.82,168976.82,19,6,13,4,0,0,15,0,0,0,6,4,0,0,9,734.0,531.0,203.0
AUSO,135,2025-07-03,2029-07-02,462,6) Mayor a 360 dias,,4) $20.001 a $35.000,10,254489.77,254489.77,19,6,13,1,0,0,18,0,0,0,6,1,0,0,12,676.0,449.0,227.0
AUSO,135,2025-07-03,2029-07-02,462,6) Mayor a 360 dias,,5) $35.001 a $50.000,7,306750.12,306750.12,9,6,3,0,0,0,9,0,0,0,6,0,0,0,3,440.0,416.0,24.0
AUSO,135,2025-07-03,2029-07-02,462,6) Mayor a 360 dias,,6) $50.001 a $100.000,4,276394.61,276394.61,311,13,298,12,287,1,11,0,4,0,9,12,283,1,2,795.0,394.0,401.0
AUSO,135,2025-07-03,2029-07-02,462,6) Mayor a 360 dias,,7) $100.001 a $500.000,2,225201.8,225201.8,3,2,1,0,1,0,2,0,0,0,2,0,1,0,0,160.0,158.0,2.0
AUSO,136,2025-08-06,2029-08-05,428,6) Mayor a 360 dias,,1) MENOR A $5.000,1852,3351788.72,3351788.72,3564,974,2590,953,228,10,2373,0,2,6,966,953,226,4,1407,80758.0,63206.0,17552.0
AUSO,136,2025-08-06,2029-08-05,428,6) Mayor a 360 dias,,2) $5.001 a $10.000,338,2373479.92,2373479.92,685,255,430,63,18,3,601,0,0,1,254,63,18,2,347,21366.0,17144.0,4222.0
AUSO,136,2025-08-06,2029-08-05,428,6) Mayor a 360 dias,,3) $10.001 a $20.000,199,2824462.53,2824462.53,395,157,238,41,4,2,348,0,0,2,155,41,4,0,193,12668.0,9834.0,2834.0
AUSO,136,2025-08-06,2029-08-05,428,6) Mayor a 360 dias,,4) $20.001 a $35.000,116,3056306.22,3056306.22,215,92,123,21,5,2,187,0,0,1,91,21,5,1,96,7163.0,5837.0,1326.0
AUSO,136,2025-08-06,2029-08-05,428,6) Mayor a 360 dias,,5) $35.001 a $50.000,43,1796416.38,1796416.38,76,35,41,11,1,0,64,0,0,0,35,11,1,0,29,2819.0,2311.0,508.0
AUSO,136,2025-08-06,2029-08-05,428,6) Mayor a 360 dias,,6) $50.001 a $100.000,48,3193911.86,3193911.86,81,37,44,9,2,2,68,0,0,0,37,9,2,2,31,2947.0,2480.0,467.0
AUSO,136,2025-08-06,2029-08-05,428,6) Mayor a 360 dias,,7) $100.001 a $500.000,15,2165193.63,2165193.63,30,11,19,4,2,1,23,0,0,0,11,4,2,1,12,1034.0,637.0,397.0
AUSO,136,2025-08-06,2029-08-05,428,6) Mayor a 360 dias,,8) >$500.000,1,612847.02,612847.02,3,1,2,0,0,0,3,0,0,0,1,0,0,0,2,60.0,44.0,16.0
AUSO,137,2025-08-06,2029-08-05,428,6) Mayor a 360 dias,,1) MENOR A $5.000,240,453733.25,453733.25,421,162,259,23,24,2,372,0,0,1,161,23,24,1,211,13505.0,10868.0,2637.0
AUSO,137,2025-08-06,2029-08-05,428,6) Mayor a 360 dias,,2) $5.001 a $10.000,15,112439.08,112439.08,25,11,14,0,1,0,24,0,0,0,11,0,1,0,13,906.0,801.0,105.0
AUSO,137,2025-08-06,2029-08-05,428,6) Mayor a 360 dias,,3) $10.001 a $20.000,16,227531.66,227531.66,30,14,16,1,1,0,28,0,0,0,14,1,1,0,14,1169.0,959.0,210.0
AUSO,137,2025-08-06,2029-08-05,428,6) Mayor a 360 dias,,4) $20.001 a $35.000,6,144032.17,144032.17,13,5,8,3,1,0,9,0,0,0,5,3,1,0,4,391.0,276.0,115.0
AUSO,137,2025-08-06,2029-08-05,428,6) Mayor a 360 dias,,5) $35.001 a $50.000,4,162487.36,162487.36,6,4,2,0,0,0,6,0,0,0,4,0,0,0,2,242.0,226.0,16.0
AUSO,137,2025-08-06,2029-08-05,428,6) Mayor a 360 dias,,6) $50.001 a $100.000,5,317047.78,317047.78,8,4,4,1,0,1,6,0,0,0,4,1,0,1,2,413.0,306.0,107.0
AUSO,137,2025-08-06,2029-08-05,428,6) Mayor a 360 dias,,7) $100.001 a $500.000,2,356311.36,356311.36,3,2,1,0,0,0,3,0,0,0,2,0,0,0,1,221.0,170.0,51.0
AUSO,137,2025-08-06,2029-08-05,428,6) Mayor a 360 dias,,8) >$500.000,1,1189452.71,1189452.71,3,1,2,0,0,0,3,0,0,0,1,0,0,0,2,72.0,49.0,23.0
AUSO,138,2025-09-02,2029-09-01,401,6) Mayor a 360 dias,,1) MENOR A $5.000,2216,3831655.16,3831655.16,4508,1222,3286,694,957,195,2662,0,8,10,1204,694,949,185,1458,88676.0,67870.0,20806.0
AUSO,138,2025-09-02,2029-09-01,401,6) Mayor a 360 dias,,2) $5.001 a $10.000,331,2317713.41,2317713.41,655,255,400,60,28,35,532,0,2,2,251,60,26,33,281,20323.0,16420.0,3903.0
AUSO,138,2025-09-02,2029-09-01,401,6) Mayor a 360 dias,,3) $10.001 a $20.000,243,3442704.65,3442704.65,448,161,287,47,10,33,358,0,3,3,155,47,7,30,203,12377.0,9221.0,3156.0
AUSO,138,2025-09-02,2029-09-01,401,6) Mayor a 360 dias,,4) $20.001 a $35.000,156,4114206.35,4114206.35,345,108,237,35,47,21,242,0,1,2,105,35,46,19,137,8698.0,6522.0,2176.0
AUSO,138,2025-09-02,2029-09-01,401,6) Mayor a 360 dias,,5) $35.001 a $50.000,59,2432460.0,2432460.0,119,43,76,20,2,6,91,0,0,0,43,20,2,6,48,3490.0,2687.0,803.0
AUSO,138,2025-09-02,2029-09-01,401,6) Mayor a 360 dias,,6) $50.001 a $100.000,63,4151354.24,4151354.24,112,39,73,12,4,7,89,0,0,0,39,12,4,7,50,3736.0,2624.0,1112.0
AUSO,138,2025-09-02,2029-09-01,401,6) Mayor a 360 dias,,7) $100.001 a $500.000,16,2316670.14,2316670.14,34,16,18,3,0,3,28,0,0,0,16,3,0,3,12,1328.0,1193.0,135.0
AUSO,139,2025-09-02,2029-09-01,401,6) Mayor a 360 dias,,1) MENOR A $5.000,311,467338.36,467338.36,597,163,434,65,141,26,365,0,1,1,161,65,140,25,204,11896.0,8853.0,3043.0
AUSO,139,2025-09-02,2029-09-01,401,6) Mayor a 360 dias,,2) $5.001 a $10.000,22,144688.3,144688.3,89,24,65,2,33,6,48,0,4,2,18,2,29,4,30,1555.0,848.0,707.0
AUSO,139,2025-09-02,2029-09-01,401,6) Mayor a 360 dias,,3) $10.001 a $20.000,20,287738.29,287738.29,44,24,20,1,2,3,38,0,0,1,23,1,2,2,15,1560.0,1403.0,157.0
AUSO,139,2025-09-02,2029-09-01,401,6) Mayor a 360 dias,,4) $20.001 a $35.000,11,305365.66,305365.66,17,7,10,4,2,0,11,0,0,0,7,4,2,0,4,416.0,356.0,60.0
AUSO,139,2025-09-02,2029-09-01,401,6) Mayor a 360 dias,,5) $35.001 a $50.000,1,41666.27,41666.27,3,1,2,1,0,0,2,0,0,0,1,1,0,0,1,77.0,69.0,8.0
AUSO,139,2025-09-02,2029-09-01,401,6) Mayor a 360 dias,,6) $50.001 a $100.000,4,282605.9,282605.9,7,4,3,0,0,0,7,0,0,0,4,0,0,0,3,307.0,283.0,24.0
AUSO,139,2025-09-02,2029-09-01,401,6) Mayor a 360 dias,,7) $100.001 a $500.000,3,825914.18,825914.18,6,3,3,2,0,0,4,0,0,0,3,2,0,0,1,151.0,117.0,34.0
AUSO,140,2025-10-02,2029-10-01,371,6) Mayor a 360 dias,,1) MENOR A $5.000,1479,2803372.73,2803372.73,2806,718,2088,711,333,21,1741,0,0,5,713,711,333,16,1028,59489.0,46532.0,12957.0
AUSO,140,2025-10-02,2029-10-01,371,6) Mayor a 360 dias,,2) $5.001 a $10.000,273,1909324.52,1909324.52,616,232,384,55,71,11,479,0,2,3,227,55,69,8,252,19161.0,15427.0,3734.0
AUSO,140,2025-10-02,2029-10-01,371,6) Mayor a 360 dias,,3) $10.001 a $20.000,190,2670679.47,2670679.47,364,124,240,49,33,3,279,0,0,0,124,49,33,3,155,10238.0,7965.0,2273.0
AUSO,140,2025-10-02,2029-10-01,371,6) Mayor a 360 dias,,4) $20.001 a $35.000,115,2998141.65,2998141.65,230,74,156,36,20,5,169,0,1,2,71,36,19,3,98,5752.0,4414.0,1338.0
AUSO,140,2025-10-02,2029-10-01,371,6) Mayor a 360 dias,,5) $35.001 a $50.000,74,3091524.32,3091524.32,169,59,110,16,31,3,119,0,0,0,59,16,31,3,60,5114.0,4175.0,939.0
AUSO,140,2025-10-02,2029-10-01,371,6) Mayor a 360 dias,,6) $50.001 a $100.000,68,4491588.25,4491588.25,118,46,72,8,10,0,100,0,0,0,46,8,10,0,54,3747.0,2983.0,764.0
AUSO,140,2025-10-02,2029-10-01,371,6) Mayor a 360 dias,,7) $100.001 a $500.000,12,1944155.72,1944155.72,22,3,19,5,2,1,14,0,0,0,3,5,2,1,11,512.0,230.0,282.0
AUSO,140,2025-10-02,2029-10-01,371,6) Mayor a 360 dias,,8) >$500.000,1,3912453.37,3912453.37,4,1,3,1,0,0,3,0,0,0,1,1,0,0,2,162.0,90.0,72.0
AUSO,141,2025-10-02,2029-10-01,371,6) Mayor a 360 dias,,1) MENOR A $5.000,165,316535.12,316535.12,656,100,556,349,52,7,248,0,0,1,99,349,52,6,149,8639.0,6236.0,2403.0
AUSO,141,2025-10-02,2029-10-01,371,6) Mayor a 360 dias,,2) $5.001 a $10.000,13,93041.51,93041.51,72,10,62,0,44,5,23,0,0,0,10,0,44,5,13,952.0,586.0,366.0
AUSO,141,2025-10-02,2029-10-01,371,6) Mayor a 360 dias,,3) $10.001 a $20.000,14,183906.79,183906.79,26,14,12,0,2,1,23,0,0,1,13,0,2,0,10,1064.0,900.0,164.0
AUSO,141,2025-10-02,2029-10-01,371,6) Mayor a 360 dias,,4) $20.001 a $35.000,10,275933.67,275933.67,17,8,9,1,1,0,15,0,0,0,8,1,1,0,7,725.0,485.0,240.0
AUSO,141,2025-10-02,2029-10-01,371,6) Mayor a 360 dias,,5) $35.001 a $50.000,4,145285.28,145285.28,5,3,2,0,0,0,5,0,0,0,3,0,0,0,2,104.0,87.0,17.0
AUSO,141,2025-10-02,2029-10-01,371,6) Mayor a 360 dias,,6) $50.001 a $100.000,2,113603.33,113603.33,2,1,1,0,0,0,2,0,0,0,1,0,0,0,1,148.0,51.0,97.0
AUSO,141,2025-10-02,2029-10-01,371,6) Mayor a 360 dias,,7) $100.001 a $500.000,2,437038.8,437038.8,7,3,4,0,0,0,7,0,0,0,3,0,0,0,4,235.0,180.0,55.0
AUSO,142,2025-11-04,2029-11-03,338,5) 181 a 360 dias,,1) MENOR A $5.000,1618,3291702.1,3291702.1,3246,901,2345,663,410,36,2137,0,4,5,892,663,406,31,1245,76027.0,59409.0,16618.0
AUSO,142,2025-11-04,2029-11-03,338,5) 181 a 360 dias,,2) $5.001 a $10.000,334,2349941.97,2349941.97,745,189,556,76,201,4,464,0,2,3,184,76,199,1,280,15644.0,12088.0,3556.0
AUSO,142,2025-11-04,2029-11-03,338,5) 181 a 360 dias,,3) $10.001 a $20.000,232,3287400.31,3287400.31,469,145,324,53,65,8,343,0,1,3,141,53,64,5,202,12359.0,9369.0,2990.0
AUSO,142,2025-11-04,2029-11-03,338,5) 181 a 360 dias,,4) $20.001 a $35.000,163,4362982.59,4362982.59,334,112,222,40,31,7,256,0,0,0,112,40,31,7,144,8803.0,7003.0,1800.0
AUSO,142,2025-11-04,2029-11-03,338,5) 181 a 360 dias,,5) $35.001 a $50.000,90,3756940.94,3756940.94,198,71,127,20,29,2,147,0,0,0,71,20,29,2,76,5902.0,4738.0,1164.0
AUSO,142,2025-11-04,2029-11-03,338,5) 181 a 360 dias,,6) $50.001 a $100.000,72,4770579.64,4770579.64,162,54,108,23,15,1,123,0,0,1,53,23,15,0,70,4319.0,3416.0,903.0
AUSO,142,2025-11-04,2029-11-03,338,5) 181 a 360 dias,,7) $100.001 a $500.000,21,2880033.75,2880033.75,29,10,19,0,4,0,25,0,0,0,10,0,4,0,15,862.0,643.0,219.0
AUSO,142,2025-11-04,2029-11-03,338,5) 181 a 360 dias,,8) >$500.000,1,643442.54,643442.54,1,1,0,0,0,0,1,0,0,0,1,0,0,0,0,19.0,19.0,0.0
AUSO,143,2025-11-04,2029-11-03,338,5) 181 a 360 dias,,1) MENOR A $5.000,182,331008.08,331008.08,322,95,227,53,44,6,219,0,1,1,93,53,43,5,126,8529.0,6373.0,2156.0
AUSO,143,2025-11-04,2029-11-03,338,5) 181 a 360 dias,,2) $5.001 a $10.000,18,124899.07,124899.07,25,11,14,2,1,0,22,0,0,0,11,2,1,0,11,936.0,646.0,290.0
AUSO,143,2025-11-04,2029-11-03,338,5) 181 a 360 dias,,3) $10.001 a $20.000,15,222689.09,222689.09,28,11,17,7,3,0,18,0,0,0,11,7,3,0,7,740.0,652.0,88.0
AUSO,143,2025-11-04,2029-11-03,338,5) 181 a 360 dias,,4) $20.001 a $35.000,5,140314.65,140314.65,9,5,4,0,2,0,7,0,0,0,5,0,2,0,2,311.0,223.0,88.0
AUSO,143,2025-11-04,2029-11-03,338,5) 181 a 360 dias,,5) $35.001 a $50.000,4,150786.06,150786.06,11,4,7,1,0,0,10,0,0,0,4,1,0,0,6,383.0,334.0,49.0
AUSO,143,2025-11-04,2029-11-03,338,5) 181 a 360 dias,,6) $50.001 a $100.000,5,387158.25,387158.25,6,3,3,0,0,0,6,0,0,0,3,0,0,0,3,347.0,255.0,92.0
AUSO,143,2025-11-04,2029-11-03,338,5) 181 a 360 dias,,7) $100.001 a $500.000,4,759678.76,759678.76,12,5,7,0,1,1,10,0,0,1,4,0,1,0,6,375.0,253.0,122.0
AUSO,144,2025-12-02,2029-12-01,310,5) 181 a 360 dias,,1) MENOR A $5.000,1646,3190913.14,3190913.14,3208,874,2334,660,435,22,2091,0,8,5,861,660,427,17,1230,70136.0,53412.0,16724.0
AUSO,144,2025-12-02,2029-12-01,310,5) 181 a 360 dias,,2) $5.001 a $10.000,306,2107808.6,2107808.6,608,215,393,48,24,44,492,0,2,4,209,48,22,40,283,17314.0,12744.0,4570.0
AUSO,144,2025-12-02,2029-12-01,310,5) 181 a 360 dias,,3) $10.001 a $20.000,244,3542272.23,3542272.23,452,156,296,40,11,30,371,0,0,2,154,40,11,28,217,12040.0,9229.0,2811.0
AUSO,144,2025-12-02,2029-12-01,310,5) 181 a 360 dias,,4) $20.001 a $35.000,117,3135796.8,3135796.8,210,69,141,19,11,15,165,0,0,0,69,19,11,15,96,5102.0,3892.0,1210.0
AUSO,144,2025-12-02,2029-12-01,310,5) 181 a 360 dias,,5) $35.001 a $50.000,62,2604799.35,2604799.35,112,51,61,9,1,8,94,0,0,1,50,9,1,7,44,3569.0,3024.0,545.0
AUSO,144,2025-12-02,2029-12-01,310,5) 181 a 360 dias,,6) $50.001 a $100.000,67,4639798.85,4639798.85,127,47,80,9,12,9,97,0,0,0,47,9,12,9,50,4000.0,2960.0,1040.0
AUSO,144,2025-12-02,2029-12-01,310,5) 181 a 360 dias,,7) $100.001 a $500.000,24,3261075.78,3261075.78,37,17,20,2,0,2,33,0,0,0,17,2,0,2,16,1328.0,1040.0,288.0
AUSO,145,2025-12-02,2029-12-01,310,5) 181 a 360 dias,,1) MENOR A $5.000,213,319221.69,319221.69,388,98,290,32,119,4,233,0,0,0,98,32,119,4,135,7441.0,5236.0,2205.0
AUSO,145,2025-12-02,2029-12-01,310,5) 181 a 360 dias,,2) $5.001 a $10.000,21,147389.53,147389.53,346,24,322,14,294,3,35,0,4,0,20,14,290,3,15,1842.0,1232.0,610.0
AUSO,145,2025-12-02,2029-12-01,310,5) 181 a 360 dias,,3) $10.001 a $20.000,14,211510.34,211510.34,25,7,18,5,0,0,20,0,0,0,7,5,0,0,13,593.0,379.0,214.0
AUSO,145,2025-12-02,2029-12-01,310,5) 181 a 360 dias,,4) $20.001 a $35.000,6,147973.53,147973.53,9,3,6,1,0,1,7,0,0,0,3,1,0,1,4,190.0,151.0,39.0
AUSO,145,2025-12-02,2029-12-01,310,5) 181 a 360 dias,,5) $35.001 a $50.000,7,274431.5,274431.5,11,6,5,0,2,0,9,0,0,0,6,0,2,0,3,459.0,429.0,30.0
AUSO,145,2025-12-02,2029-12-01,310,5) 181 a 360 dias,,6) $50.001 a $100.000,6,446242.81,446242.81,11,5,6,3,1,0,7,0,0,0,5,3,1,0,2,357.0,337.0,20.0
AUSO,145,2025-12-02,2029-12-01,310,5) 181 a 360 dias,,7) $100.001 a $500.000,2,268813.52,268813.52,3,1,2,0,0,0,3,0,0,0,1,0,0,0,2,93.0,75.0,18.0
AUSO,145,2025-12-02,2029-12-01,310,5) 181 a 360 dias,,8) >$500.000,1,740236.7,740236.7,1,0,1,0,0,0,1,0,0,0,0,0,0,0,1,9.0,0.0,9.0
AUSO,146,2026-01-06,2030-01-05,275,5) 181 a 360 dias,,1) MENOR A $5.000,1837,3687543.4,3687543.4,3598,1061,2537,719,65,370,2444,0,0,2,1059,719,65,368,1385,79712.0,58832.0,20880.0
AUSO,146,2026-01-06,2030-01-05,275,5) 181 a 360 dias,,2) $5.001 a $10.000,380,2697890.05,2697890.05,730,257,473,86,6,71,567,0,0,2,255,86,6,69,312,19462.0,14799.0,4663.0
AUSO,146,2026-01-06,2030-01-05,275,5) 181 a 360 dias,,3) $10.001 a $20.000,293,4136392.37,4136392.37,542,161,381,43,3,77,419,0,1,1,159,43,2,76,260,12574.0,8690.0,3884.0
AUSO,146,2026-01-06,2030-01-05,275,5) 181 a 360 dias,,4) $20.001 a $35.000,181,4808433.55,4808433.55,350,118,232,51,1,31,267,0,1,1,116,51,0,30,151,8505.0,6427.0,2078.0
AUSO,146,2026-01-06,2030-01-05,275,5) 181 a 360 dias,,5) $35.001 a $50.000,104,4289350.52,4289350.52,197,62,135,15,1,30,151,0,0,0,62,15,1,30,89,5077.0,3653.0,1424.0
AUSO,146,2026-01-06,2030-01-05,275,5) 181 a 360 dias,,6) $50.001 a $100.000,100,6758679.3,6758679.3,194,60,134,31,1,22,140,0,0,0,60,31,1,22,80,5044.0,3993.0,1051.0
AUSO,146,2026-01-06,2030-01-05,275,5) 181 a 360 dias,,7) $100.001 a $500.000,32,4422460.56,4422460.56,65,24,41,4,0,8,53,0,0,0,24,4,0,8,29,1874.0,1421.0,453.0
AUSO,146,2026-01-06,2030-01-05,275,5) 181 a 360 dias,,8) >$500.000,2,1666668.76,1666668.76,4,3,1,0,0,0,4,0,0,0,3,0,0,0,1,123.0,115.0,8.0
AUSO,147,2026-01-06,2030-01-05,275,5) 181 a 360 dias,,1) MENOR A $5.000,198,301455.96,301455.96,952,132,820,616,30,72,234,0,7,2,123,616,23,70,111,8251.0,5833.0,2418.0
AUSO,147,2026-01-06,2030-01-05,275,5) 181 a 360 dias,,2) $5.001 a $10.000,23,161361.04,161361.04,42,15,27,1,0,2,39,0,0,0,15,1,0,2,24,1381.0,873.0,508.0
AUSO,147,2026-01-06,2030-01-05,275,5) 181 a 360 dias,,3) $10.001 a $20.000,17,244443.33,244443.33,36,11,25,2,0,5,29,0,0,0,11,2,0,5,18,948.0,701.0,247.0
AUSO,147,2026-01-06,2030-01-05,275,5) 181 a 360 dias,,4) $20.001 a $35.000,13,323825.43,323825.43,46,21,25,3,7,4,32,0,2,1,18,3,5,3,14,956.0,789.0,167.0
AUSO,147,2026-01-06,2030-01-05,275,5) 181 a 360 dias,,5) $35.001 a $50.000,2,72566.46,72566.46,2,1,1,0,0,0,2,0,0,0,1,0,0,0,1,89.0,79.0,10.0
AUSO,147,2026-01-06,2030-01-05,275,5) 181 a 360 dias,,6) $50.001 a $100.000,8,586794.12,586794.12,16,7,9,1,0,3,12,0,0,0,7,1,0,3,5,351.0,291.0,60.0
AUSO,148,2026-02-04,2030-02-03,246,5) 181 a 360 dias,,1) MENOR A $5.000,1938,3973432.45,3973432.45,3833,1113,2720,684,59,390,2700,0,5,4,1104,684,54,386,1596,83409.0,60749.0,22660.0
AUSO,148,2026-02-04,2030-02-03,246,5) 181 a 360 dias,,2) $5.001 a $10.000,328,2330414.49,2330414.49,612,202,410,71,5,58,478,0,1,0,201,71,4,58,277,15474.0,11577.0,3897.0
AUSO,148,2026-02-04,2030-02-03,246,5) 181 a 360 dias,,3) $10.001 a $20.000,238,3336664.8,3336664.8,413,143,270,40,1,40,332,0,0,0,143,40,1,40,189,11170.0,7899.0,3271.0
AUSO,148,2026-02-04,2030-02-03,246,5) 181 a 360 dias,,4) $20.001 a $35.000,143,3791088.5,3791088.5,278,85,193,34,2,30,212,0,0,0,85,34,2,30,127,6620.0,4418.0,2202.0
AUSO,148,2026-02-04,2030-02-03,246,5) 181 a 360 dias,,5) $35.001 a $50.000,63,2636480.8,2636480.8,119,40,79,18,2,13,86,0,0,0,40,18,2,13,46,2878.0,2145.0,733.0
AUSO,148,2026-02-04,2030-02-03,246,5) 181 a 360 dias,,6) $50.001 a $100.000,70,4536492.2,4536492.2,139,52,87,19,0,18,102,0,0,0,52,19,0,18,50,3941.0,2918.0,1023.0
AUSO,148,2026-02-04,2030-02-03,246,5) 181 a 360 dias,,7) $100.001 a $500.000,19,2613019.71,2613019.71,27,12,15,1,0,3,23,0,0,0,12,1,0,3,11,923.0,679.0,244.0
AUSO,148,2026-02-04,2030-02-03,246,5) 181 a 360 dias,,8) >$500.000,1,1191014.1,1191014.1,1,1,0,0,0,0,1,0,0,0,1,0,0,0,0,63.0,63.0,0.0
AUSO,149,2026-02-04,2030-02-03,246,5) 181 a 360 dias,,1) MENOR A $5.000,156,297583.22,297583.22,254,95,159,21,5,21,207,0,1,0,94,21,4,21,113,7005.0,5266.0,1739.0
AUSO,149,2026-02-04,2030-02-03,246,5) 181 a 360 dias,,2) $5.001 a $10.000,31,209727.99,209727.99,61,13,48,4,0,4,53,0,0,0,13,4,0,4,40,1677.0,803.0,874.0
AUSO,149,2026-02-04,2030-02-03,246,5) 181 a 360 dias,,3) $10.001 a $20.000,16,216846.88,216846.88,48,7,41,3,10,15,20,0,0,0,7,3,10,15,13,682.0,394.0,288.0
AUSO,149,2026-02-04,2030-02-03,246,5) 181 a 360 dias,,4) $20.001 a $35.000,11,310108.96,310108.96,20,6,14,2,0,2,16,0,0,0,6,2,0,2,10,463.0,312.0,151.0
AUSO,149,2026-02-04,2030-02-03,246,5) 181 a 360 dias,,5) $35.001 a $50.000,5,207471.58,207471.58,8,2,6,0,0,1,7,0,0,0,2,0,0,1,5,241.0,113.0,128.0
AUSO,149,2026-02-04,2030-02-03,246,5) 181 a 360 dias,,6) $50.001 a $100.000,4,275168.15,275168.15,6,2,4,0,0,0,6,0,0,0,2,0,0,0,4,124.0,88.0,36.0
AUSO,149,2026-02-04,2030-02-03,246,5) 181 a 360 dias,,7) $100.001 a $500.000,1,118641.26,118641.26,3,2,1,0,0,0,3,0,0,0,2,0,0,0,1,163.0,114.0,49.0
AUSO,150,2026-03-02,2030-03-01,220,5) 181 a 360 dias,,1) MENOR A $5.000,1961,3766555.91,3766555.91,3715,1063,2652,725,25,305,2660,0,3,1,1059,725,22,304,1601,80110.0,57852.0,22258.0
AUSO,150,2026-03-02,2030-03-01,220,5) 181 a 360 dias,,2) $5.001 a $10.000,312,2219898.28,2219898.28,603,185,418,57,4,27,515,0,0,1,184,57,4,26,331,14921.0,10169.0,4752.0
AUSO,150,2026-03-02,2030-03-01,220,5) 181 a 360 dias,,3) $10.001 a $20.000,225,3140359.64,3140359.64,472,162,310,47,34,16,375,0,3,1,158,47,31,15,217,10941.0,7895.0,3046.0
AUSO,150,2026-03-02,2030-03-01,220,5) 181 a 360 dias,,4) $20.001 a $35.000,139,3633510.12,3633510.12,246,85,161,23,0,7,216,0,0,0,85,23,0,7,131,6083.0,4296.0,1787.0
AUSO,150,2026-03-02,2030-03-01,220,5) 181 a 360 dias,,5) $35.001 a $50.000,56,2300949.26,2300949.26,109,39,70,10,0,2,97,0,0,1,38,10,0,1,59,2888.0,2081.0,807.0
AUSO,150,2026-03-02,2030-03-01,220,5) 181 a 360 dias,,6) $50.001 a $100.000,68,4494870.02,4494870.02,122,55,67,9,2,4,107,0,0,0,55,9,2,4,52,3388.0,2702.0,686.0
AUSO,150,2026-03-02,2030-03-01,220,5) 181 a 360 dias,,7) $100.001 a $500.000,26,4582250.97,4582250.97,43,9,34,2,0,1,40,0,0,0,9,2,0,1,31,998.0,487.0,511.0
AUSO,150,2026-03-02,2030-03-01,220,5) 181 a 360 dias,,8) >$500.000,1,663861.93,663861.93,1,0,1,0,0,0,1,0,0,0,0,0,0,0,1,10.0,0.0,10.0
AUSO,151,2026-03-02,2030-03-01,220,5) 181 a 360 dias,,1) MENOR A $5.000,244,467826.63,467826.63,1092,167,925,637,31,59,365,0,2,0,165,637,29,59,200,12347.0,8526.0,3821.0
AUSO,151,2026-03-02,2030-03-01,220,5) 181 a 360 dias,,2) $5.001 a $10.000,29,202621.1,202621.1,48,14,34,1,0,4,43,0,0,0,14,1,0,4,29,1290.0,842.0,448.0
AUSO,151,2026-03-02,2030-03-01,220,5) 181 a 360 dias,,3) $10.001 a $20.000,31,449851.9,449851.9,47,23,24,1,0,4,42,0,0,0,23,1,0,4,19,1478.0,1150.0,328.0
AUSO,151,2026-03-02,2030-03-01,220,5) 181 a 360 dias,,4) $20.001 a $35.000,15,371305.56,371305.56,36,14,22,4,1,2,29,0,0,0,14,4,1,2,15,889.0,694.0,195.0
AUSO,151,2026-03-02,2030-03-01,220,5) 181 a 360 dias,,5) $35.001 a $50.000,10,437954.27,437954.27,25,7,18,1,0,1,23,0,0,0,7,1,0,1,16,598.0,430.0,168.0
AUSO,151,2026-03-02,2030-03-01,220,5) 181 a 360 dias,,6) $50.001 a $100.000,12,866884.25,866884.25,26,4,22,9,0,1,16,0,0,0,4,9,0,1,12,377.0,247.0,130.0
AUSO,151,2026-03-02,2030-03-01,220,5) 181 a 360 dias,,7) $100.001 a $500.000,7,833037.24,833037.24,25,9,16,4,2,2,17,0,0,0,9,4,2,2,8,567.0,407.0,160.0
AUSO,152,2026-04-06,2030-04-05,185,5) 181 a 360 dias,,1) MENOR A $5.000,2117,4256845.21,4256845.21,4022,1281,2741,708,53,33,3228,0,6,3,1272,708,47,30,1956,85251.0,62443.0,22808.0
AUSO,152,2026-04-06,2030-04-05,185,5) 181 a 360 dias,,2) $5.001 a $10.000,399,2805838.64,2805838.64,775,272,503,96,22,9,648,0,1,1,270,96,21,8,378,17802.0,13006.0,4796.0
AUSO,152,2026-04-06,2030-04-05,185,5) 181 a 360 dias,,3) $10.001 a $20.000,293,4165916.51,4165916.51,577,216,361,60,14,15,488,0,0,1,215,60,14,14,273,13652.0,9960.0,3692.0
AUSO,152,2026-04-06,2030-04-05,185,5) 181 a 360 dias,,4) $20.001 a $35.000,172,4520822.9,4520822.9,275,99,176,33,0,1,241,0,0,1,98,33,0,0,143,6295.0,4640.0,1655.0
AUSO,152,2026-04-06,2030-04-05,185,5) 181 a 360 dias,,5) $35.001 a $50.000,78,3272565.25,3272565.25,138,55,83,8,0,2,128,0,0,0,55,8,0,2,73,3776.0,2763.0,1013.0
AUSO,152,2026-04-06,2030-04-05,185,5) 181 a 360 dias,,6) $50.001 a $100.000,119,8053028.08,8053028.08,223,96,127,18,3,3,199,0,1,0,95,18,2,3,104,6102.0,4873.0,1229.0
AUSO,152,2026-04-06,2030-04-05,185,5) 181 a 360 dias,,7) $100.001 a $500.000,37,6386453.99,6386453.99,114,31,83,8,11,29,66,0,1,1,29,8,10,28,37,1843.0,1060.0,783.0
AUSO,152,2026-04-06,2030-04-05,185,5) 181 a 360 dias,,8) >$500.000,6,7029847.35,7029847.35,14,6,8,0,0,1,13,0,0,0,6,0,0,1,7,365.0,269.0,96.0
AUSO,153,2026-04-06,2030-04-05,185,5) 181 a 360 dias,,1) MENOR A $5.000,436,879209.79,879209.79,802,259,543,87,18,11,686,0,1,1,257,87,17,10,429,17491.0,12553.0,4938.0
AUSO,153,2026-04-06,2030-04-05,185,5) 181 a 360 dias,,2) $5.001 a $10.000,82,586874.4,586874.4,189,67,122,15,10,8,156,0,1,1,65,15,9,7,91,4070.0,3000.0,1070.0
AUSO,153,2026-04-06,2030-04-05,185,5) 181 a 360 dias,,3) $10.001 a $20.000,46,662369.55,662369.55,169,38,131,15,67,12,75,0,0,0,38,15,67,12,37,2409.0,1761.0,648.0
AUSO,153,2026-04-06,2030-04-05,185,5) 181 a 360 dias,,4) $20.001 a $35.000,25,637472.29,637472.29,45,18,27,5,0,0,40,0,0,0,18,5,0,0,22,1146.0,874.0,272.0
AUSO,153,2026-04-06,2030-04-05,185,5) 181 a 360 dias,,5) $35.001 a $50.000,16,657667.14,657667.14,29,12,17,2,0,1,26,0,0,0,12,2,0,1,14,816.0,634.0,182.0
AUSO,153,2026-04-06,2030-04-05,185,5) 181 a 360 dias,,6) $50.001 a $100.000,14,1036710.43,1036710.43,36,24,12,1,0,1,34,0,0,1,23,1,0,0,11,1106.0,1013.0,93.0
AUSO,153,2026-04-06,2030-04-05,185,5) 181 a 360 dias,,7) $100.001 a $500.000,5,585448.43,585448.43,15,3,12,1,0,3,11,0,0,0,3,1,0,3,8,393.0,165.0,228.0
AUSO,153,2026-04-06,2030-04-05,185,5) 181 a 360 dias,,8) >$500.000,1,769384.35,769384.35,3,0,3,0,0,0,3,0,0,0,0,0,0,0,3,25.0,0.0,25.0
AUSO,154,2026-05-05,2030-05-04,156,4) 91 a 180 dias,,1) MENOR A $5.000,2118,4317575.42,4317575.42,3991,1251,2740,431,30,320,3210,0,3,1,1247,431,27,319,1963,75210.0,51428.0,23782.0
AUSO,154,2026-05-05,2030-05-04,156,4) 91 a 180 dias,,2) $5.001 a $10.000,370,2614953.06,2614953.06,646,209,437,85,1,1,559,0,0,0,209,85,1,1,350,12672.0,8865.0,3807.0
AUSO,154,2026-05-05,2030-05-04,156,4) 91 a 180 dias,,3) $10.001 a $20.000,286,4168361.98,4168361.98,507,146,361,42,1,4,460,0,0,0,146,42,1,4,314,9812.0,6057.0,3755.0
AUSO,154,2026-05-05,2030-05-04,156,4) 91 a 180 dias,,4) $20.001 a $35.000,154,3978465.89,3978465.89,323,102,221,33,6,5,279,0,1,0,101,33,5,5,178,5999.0,4086.0,1913.0
AUSO,154,2026-05-05,2030-05-04,156,4) 91 a 180 dias,,5) $35.001 a $50.000,83,3465273.82,3465273.82,170,56,114,9,0,3,158,0,0,0,56,9,0,3,102,3429.0,2138.0,1291.0
AUSO,154,2026-05-05,2030-05-04,156,4) 91 a 180 dias,,6) $50.001 a $100.000,73,4933789.61,4933789.61,188,50,138,20,3,14,151,0,0,1,49,20,3,13,102,3125.0,1976.0,1149.0
AUSO,154,2026-05-05,2030-05-04,156,4) 91 a 180 dias,,7) $100.001 a $500.000,29,4531613.42,4531613.42,62,22,40,4,1,1,56,0,0,0,22,4,1,1,34,1270.0,825.0,445.0
AUSO,154,2026-05-05,2030-05-04,156,4) 91 a 180 dias,,8) >$500.000,1,565453.09,565453.09,2,1,1,0,0,0,2,0,0,0,1,0,0,0,1,65.0,57.0,8.0
AUSO,155,2026-05-05,2030-05-04,156,4) 91 a 180 dias,,1) MENOR A $5.000,407,899302.27,899302.27,1339,246,1093,655,12,9,663,0,1,1,244,655,11,8,419,15113.0,10147.0,4966.0
AUSO,155,2026-05-05,2030-05-04,156,4) 91 a 180 dias,,2) $5.001 a $10.000,80,565659.61,565659.61,170,45,125,28,0,0,142,0,0,0,45,28,0,0,97,2912.0,1843.0,1069.0
AUSO,155,2026-05-05,2030-05-04,156,4) 91 a 180 dias,,3) $10.001 a $20.000,43,593886.37,593886.37,107,23,84,10,19,4,74,0,0,1,22,10,19,3,52,1597.0,862.0,735.0
AUSO,155,2026-05-05,2030-05-04,156,4) 91 a 180 dias,,4) $20.001 a $35.000,27,723321.61,723321.61,46,16,30,4,0,0,42,0,0,0,16,4,0,0,26,875.0,655.0,220.0
AUSO,155,2026-05-05,2030-05-04,156,4) 91 a 180 dias,,5) $35.001 a $50.000,11,471110.61,471110.61,17,9,8,1,0,0,16,0,0,0,9,1,0,0,7,517.0,413.0,104.0
AUSO,155,2026-05-05,2030-05-04,156,4) 91 a 180 dias,,6) $50.001 a $100.000,10,656982.91,656982.91,15,8,7,0,0,0,15,0,0,0,8,0,0,0,7,490.0,390.0,100.0
AUSO,155,2026-05-05,2030-05-04,156,4) 91 a 180 dias,,7) $100.001 a $500.000,3,655140.07,655140.07,3,0,3,0,0,0,3,0,0,0,0,0,0,0,3,36.0,0.0,36.0
AUSO,156,2026-06-02,2030-06-01,128,4) 91 a 180 dias,,1) MENOR A $5.000,1886,4010407.74,4010407.74,3556,1061,2495,397,17,32,3110,0,4,5,1052,397,13,27,2058,59370.0,36987.0,22383.0
AUSO,156,2026-06-02,2030-06-01,128,4) 91 a 180 dias,,2) $5.001 a $10.000,366,2571083.15,2571083.15,681,213,468,80,5,7,589,0,0,0,213,80,5,7,376,11365.0,7518.0,3847.0
AUSO,156,2026-06-02,2030-06-01,128,4) 91 a 180 dias,,3) $10.001 a $20.000,235,3410848.32,3410848.32,476,153,323,55,31,13,377,0,8,1,144,55,23,12,233,7576.0,4857.0,2719.0
AUSO,156,2026-06-02,2030-06-01,128,4) 91 a 180 dias,,4) $20.001 a $35.000,164,4311794.26,4311794.26,288,88,200,29,2,4,253,0,1,2,85,29,1,2,168,4607.0,2836.0,1771.0
AUSO,156,2026-06-02,2030-06-01,128,4) 91 a 180 dias,,5) $35.001 a $50.000,85,3544683.41,3544683.41,162,39,123,12,1,4,145,0,0,0,39,12,1,4,106,2670.0,1425.0,1245.0
AUSO,156,2026-06-02,2030-06-01,128,4) 91 a 180 dias,,6) $50.001 a $100.000,69,4690446.51,4690446.51,123,46,77,7,0,2,114,0,0,0,46,7,0,2,68,2725.0,1870.0,855.0
AUSO,156,2026-06-02,2030-06-01,128,4) 91 a 180 dias,,7) $100.001 a $500.000,27,4349644.24,4349644.24,62,22,40,7,1,3,51,0,0,0,22,7,1,3,29,1424.0,929.0,495.0
AUSO,156,2026-06-02,2030-06-01,128,4) 91 a 180 dias,,8) >$500.000,3,8471663.92,8471663.92,6,2,4,0,0,0,6,0,0,0,2,0,0,0,4,118.0,86.0,32.0
AUSO,157,2026-06-02,2030-06-01,128,4) 91 a 180 dias,,1) MENOR A $5.000,553,1107801.85,1107801.85,1640,280,1360,723,5,9,903,0,0,1,279,723,5,8,624,16801.0,9812.0,6989.0
AUSO,157,2026-06-02,2030-06-01,128,4) 91 a 180 dias,,2) $5.001 a $10.000,72,509114.7,509114.7,437,44,393,16,296,3,122,0,5,0,39,16,291,3,83,2563.0,1322.0,1241.0
AUSO,157,2026-06-02,2030-06-01,128,4) 91 a 180 dias,,3) $10.001 a $20.000,52,708931.93,708931.93,110,30,80,25,0,0,85,0,0,0,30,25,0,0,55,1575.0,1007.0,568.0
AUSO,157,2026-06-02,2030-06-01,128,4) 91 a 180 dias,,4) $20.001 a $35.000,23,613568.91,613568.91,33,14,19,1,0,0,32,0,0,0,14,1,0,0,18,650.0,438.0,212.0
AUSO,157,2026-06-02,2030-06-01,128,4) 91 a 180 dias,,5) $35.001 a $50.000,9,391941.93,391941.93,31,9,22,0,19,0,12,0,1,0,8,0,18,0,4,388.0,293.0,95.0
AUSO,157,2026-06-02,2030-06-01,128,4) 91 a 180 dias,,6) $50.001 a $100.000,8,555530.9,555530.9,18,9,9,2,0,0,16,0,0,0,9,2,0,0,7,438.0,350.0,88.0
AUSO,157,2026-06-02,2030-06-01,128,4) 91 a 180 dias,,7) $100.001 a $500.000,6,872346.42,872346.42,35,5,30,0,14,4,17,0,0,0,5,0,14,4,12,253.0,114.0,139.0
AUSO,157,2026-06-02,2030-06-01,128,4) 91 a 180 dias,,8) >$500.000,1,723733.53,723733.53,1,0,1,0,0,0,1,0,0,0,0,0,0,0,1,8.0,0.0,8.0
AUSO,158,2026-07-01,2030-06-30,99,4) 91 a 180 dias,,1) MENOR A $5.000,2012,4237110.46,4237110.46,3779,1117,2662,447,19,36,3277,0,4,2,1111,447,15,34,2166,52772.0,31185.0,21587.0
AUSO,158,2026-07-01,2030-06-30,99,4) 91 a 180 dias,,2) $5.001 a $10.000,399,2792721.22,2792721.22,713,216,497,90,9,10,604,0,0,1,215,90,9,9,389,9960.0,5895.0,4065.0
AUSO,158,2026-07-01,2030-06-30,99,4) 91 a 180 dias,,3) $10.001 a $20.000,252,3594498.01,3594498.01,467,111,356,68,0,4,395,0,0,0,111,68,0,4,284,6142.0,3130.0,3012.0
AUSO,158,2026-07-01,2030-06-30,99,4) 91 a 180 dias,,4) $20.001 a $35.000,140,3673519.86,3673519.86,274,75,199,30,0,6,238,0,0,1,74,30,0,5,164,3837.0,2099.0,1738.0
AUSO,158,2026-07-01,2030-06-30,99,4) 91 a 180 dias,,5) $35.001 a $50.000,75,3143106.61,3143106.61,159,42,117,21,0,2,136,0,0,0,42,21,0,2,94,2380.0,1426.0,954.0
AUSO,158,2026-07-01,2030-06-30,99,4) 91 a 180 dias,,6) $50.001 a $100.000,77,5160833.72,5160833.72,133,40,93,15,0,4,114,0,0,2,38,15,0,2,76,2244.0,1422.0,822.0
AUSO,158,2026-07-01,2030-06-30,99,4) 91 a 180 dias,,7) $100.001 a $500.000,20,3764904.41,3764904.41,32,13,19,5,0,0,27,0,0,0,13,5,0,0,14,687.0,478.0,209.0
AUSO,158,2026-07-01,2030-06-30,99,4) 91 a 180 dias,,8) >$500.000,2,1470758.33,1470758.33,2,2,0,0,0,0,2,0,0,0,2,0,0,0,0,76.0,76.0,0.0
AUSO,159,2026-07-01,2030-06-30,99,4) 91 a 180 dias,,1) MENOR A $5.000,569,1140076.0,1140076.0,1260,320,940,329,4,8,919,0,1,2,317,329,3,6,602,14790.0,8778.0,6012.0
AUSO,159,2026-07-01,2030-06-30,99,4) 91 a 180 dias,,2) $5.001 a $10.000,108,754527.37,754527.37,186,61,125,16,2,4,164,0,0,0,61,16,2,4,103,2663.0,1720.0,943.0
AUSO,159,2026-07-01,2030-06-30,99,4) 91 a 180 dias,,3) $10.001 a $20.000,73,1011763.17,1011763.17,149,50,99,14,1,2,132,0,0,0,50,14,1,2,82,2159.0,1314.0,845.0
AUSO,159,2026-07-01,2030-06-30,99,4) 91 a 180 dias,,4) $20.001 a $35.000,30,770920.5,770920.5,53,25,28,3,0,0,50,0,0,0,25,3,0,0,25,1035.0,730.0,305.0
AUSO,159,2026-07-01,2030-06-30,99,4) 91 a 180 dias,,5) $35.001 a $50.000,11,458032.14,458032.14,19,4,15,2,0,0,17,0,0,0,4,2,0,0,13,243.0,113.0,130.0
AUSO,159,2026-07-01,2030-06-30,99,4) 91 a 180 dias,,6) $50.001 a $100.000,13,945662.47,945662.47,35,7,28,1,0,0,34,0,0,0,7,1,0,0,27,411.0,172.0,239.0
AUSO,159,2026-07-01,2030-06-30,99,4) 91 a 180 dias,,7) $100.001 a $500.000,3,576248.95,576248.95,8,4,4,0,0,0,8,0,0,0,4,0,0,0,4,167.0,111.0,56.0
AUSO,159,2026-07-01,2030-06-30,99,4) 91 a 180 dias,,8) >$500.000,2,3578149.43,3578149.43,5,2,3,1,0,0,4,0,0,0,2,1,0,0,2,104.0,88.0,16.0
AUSO,160,2026-08-04,2030-08-03,65,3) 61 a 90 dias,,1) MENOR A $5.000,2200,5054624.39,5054624.39,4177,1360,2817,51,57,44,4025,0,9,7,1344,51,48,37,2681,54925.0,30303.0,24622.0
AUSO,160,2026-08-04,2030-08-03,65,3) 61 a 90 dias,,2) $5.001 a $10.000,417,2903959.84,2903959.84,783,232,551,19,13,9,742,0,2,1,229,19,11,8,513,10246.0,5204.0,5042.0
AUSO,160,2026-08-04,2030-08-03,65,3) 61 a 90 dias,,3) $10.001 a $20.000,291,4086112.22,4086112.22,575,183,392,3,4,9,559,0,2,3,178,3,2,6,381,7820.0,4260.0,3560.0
AUSO,160,2026-08-04,2030-08-03,65,3) 61 a 90 dias,,4) $20.001 a $35.000,165,4398855.74,4398855.74,308,82,226,3,3,8,294,0,0,0,82,3,3,8,212,3966.0,1997.0,1969.0
AUSO,160,2026-08-04,2030-08-03,65,3) 61 a 90 dias,,5) $35.001 a $50.000,73,3064598.2,3064598.2,132,40,92,1,1,2,128,0,0,0,40,1,1,2,88,2010.0,1134.0,876.0
AUSO,160,2026-08-04,2030-08-03,65,3) 61 a 90 dias,,6) $50.001 a $100.000,78,5457374.12,5457374.12,169,58,111,5,1,4,159,0,0,1,57,5,1,3,102,2880.0,1679.0,1201.0
AUSO,160,2026-08-04,2030-08-03,65,3) 61 a 90 dias,,7) $100.001 a $500.000,15,2926090.3,2926090.3,41,17,24,1,0,3,37,0,0,0,17,1,0,3,20,653.0,457.0,196.0
AUSO,160,2026-08-04,2030-08-03,65,3) 61 a 90 dias,,8) >$500.000,1,902526.2,902526.2,1,0,1,0,0,0,1,0,0,0,0,0,0,0,1,8.0,0.0,8.0
AUSO,161,2026-08-04,2030-08-03,65,3) 61 a 90 dias,,1) MENOR A $5.000,599,1275797.57,1275797.57,1421,346,1075,314,24,20,1063,0,2,5,339,314,22,15,724,14633.0,7680.0,6953.0
AUSO,161,2026-08-04,2030-08-03,65,3) 61 a 90 dias,,2) $5.001 a $10.000,97,672840.82,672840.82,185,60,125,3,2,7,173,0,0,1,59,3,2,6,114,2409.0,1339.0,1070.0
AUSO,161,2026-08-04,2030-08-03,65,3) 61 a 90 dias,,3) $10.001 a $20.000,67,931882.17,931882.17,755,60,695,599,9,3,144,0,2,0,58,599,7,3,86,2234.0,1349.0,885.0
AUSO,161,2026-08-04,2030-08-03,65,3) 61 a 90 dias,,4) $20.001 a $35.000,28,743849.73,743849.73,55,17,38,0,0,0,55,0,0,0,17,0,0,0,38,736.0,385.0,351.0
AUSO,161,2026-08-04,2030-08-03,65,3) 61 a 90 dias,,5) $35.001 a $50.000,9,369276.4,369276.4,20,1,19,0,0,1,19,0,0,0,1,0,0,1,18,207.0,28.0,179.0
AUSO,161,2026-08-04,2030-08-03,65,3) 61 a 90 dias,,6) $50.001 a $100.000,12,808723.05,808723.05,27,8,19,0,0,0,27,0,0,0,8,0,0,0,19,472.0,239.0,233.0
AUSO,161,2026-08-04,2030-08-03,65,3) 61 a 90 dias,,7) $100.001 a $500.000,4,789870.33,789870.33,6,0,6,0,0,0,6,0,0,0,0,0,0,0,6,61.0,0.0,61.0
AUSO,162,2026-09-02,2030-09-01,36,2) 31 a 60 dias,,1) MENOR A $5.000,2196,4932423.8,4932423.8,4145,1418,2727,131,745,7,3262,0,72,3,1343,131,673,4,1919,38534.0,21417.0,17117.0
AUSO,162,2026-09-02,2030-09-01,36,2) 31 a 60 dias,,2) $5.001 a $10.000,450,3140849.74,3140849.74,868,275,593,51,169,0,648,0,19,0,256,51,150,0,392,7665.0,4136.0,3529.0
AUSO,162,2026-09-02,2030-09-01,36,2) 31 a 60 dias,,3) $10.001 a $20.000,301,4262071.02,4262071.02,545,177,368,19,139,3,384,0,12,0,165,19,127,3,219,4692.0,2648.0,2044.0
AUSO,162,2026-09-02,2030-09-01,36,2) 31 a 60 dias,,4) $20.001 a $35.000,183,4810127.94,4810127.94,391,119,272,30,74,4,283,0,12,0,107,30,62,4,176,3320.0,1714.0,1606.0
AUSO,162,2026-09-02,2030-09-01,36,2) 31 a 60 dias,,5) $35.001 a $50.000,85,3538199.23,3538199.23,156,62,94,9,27,3,117,0,4,2,56,9,23,1,61,1627.0,1036.0,591.0
AUSO,162,2026-09-02,2030-09-01,36,2) 31 a 60 dias,,6) $50.001 a $100.000,97,6614957.92,6614957.92,200,52,148,12,40,3,145,0,1,1,50,12,39,2,95,2097.0,1049.0,1048.0
AUSO,162,2026-09-02,2030-09-01,36,2) 31 a 60 dias,,7) $100.001 a $500.000,33,5064098.15,5064098.15,54,14,40,2,9,3,40,0,0,1,13,2,9,2,27,614.0,277.0,337.0
AUSO,163,2026-09-02,2030-09-01,36,2) 31 a 60 dias,,1) MENOR A $5.000,723,1547966.3,1547966.3,1326,406,920,76,354,5,891,0,38,3,365,76,316,2,526,10670.0,5802.0,4868.0
AUSO,163,2026-09-02,2030-09-01,36,2) 31 a 60 dias,,2) $5.001 a $10.000,130,907384.64,907384.64,234,79,155,3,32,1,198,0,4,1,74,3,28,0,124,2296.0,1193.0,1103.0
AUSO,163,2026-09-02,2030-09-01,36,2) 31 a 60 dias,,3) $10.001 a $20.000,82,1173207.61,1173207.61,168,48,120,9,44,1,114,0,4,0,44,9,40,1,70,1369.0,706.0,663.0
AUSO,163,2026-09-02,2030-09-01,36,2) 31 a 60 dias,,4) $20.001 a $35.000,38,976367.09,976367.09,86,20,66,14,20,0,52,0,5,0,15,14,15,0,37,562.0,238.0,324.0
AUSO,163,2026-09-02,2030-09-01,36,2) 31 a 60 dias,,5) $35.001 a $50.000,20,845481.01,845481.01,38,11,27,1,8,1,28,0,2,0,9,1,6,1,19,387.0,165.0,222.0
AUSO,163,2026-09-02,2030-09-01,36,2) 31 a 60 dias,,6) $50.001 a $100.000,18,1290667.13,1290667.13,67,13,54,26,4,3,34,0,0,2,11,26,4,1,23,506.0,205.0,301.0
AUSO,163,2026-09-02,2030-09-01,36,2) 31 a 60 dias,,7) $100.001 a $500.000,5,731904.53,731904.53,23,3,20,2,5,0,16,0,0,0,3,2,5,0,13,205.0,69.0,136.0
AUSO,163,2026-09-02,2030-09-01,36,2) 31 a 60 dias,,8) >$500.000,1,750060.86,750060.86,1,0,1,0,0,0,1,0,0,0,0,0,0,0,1,8.0,0.0,8.0
AUSO,164,2026-10-02,2030-10-01,6,1) 0 a 30 dias,,1) MENOR A $5.000,2856,6444279.22,6444279.22,5525,501,5024,1332,4193,0,0,0,501,0,0,1332,3692,0,0,4193.0,501.0,3692.0
AUSO,164,2026-10-02,2030-10-01,6,1) 0 a 30 dias,,2) $5.001 a $10.000,578,4076659.19,4076659.19,1073,97,976,263,810,0,0,0,97,0,0,263,713,0,0,810.0,97.0,713.0
AUSO,164,2026-10-02,2030-10-01,6,1) 0 a 30 dias,,3) $10.001 a $20.000,383,5332257.82,5332257.82,755,75,680,222,533,0,0,0,75,0,0,222,458,0,0,533.0,75.0,458.0
AUSO,164,2026-10-02,2030-10-01,6,1) 0 a 30 dias,,4) $20.001 a $35.000,261,6905060.04,6905060.04,493,43,450,121,372,0,0,0,43,0,0,121,329,0,0,372.0,43.0,329.0
AUSO,164,2026-10-02,2030-10-01,6,1) 0 a 30 dias,,5) $35.001 a $50.000,109,4590579.94,4590579.94,216,15,201,64,152,0,0,0,15,0,0,64,137,0,0,167.0,19.0,148.0
AUSO,164,2026-10-02,2030-10-01,6,1) 0 a 30 dias,,6) $50.001 a $100.000,157,10939997.24,10939997.24,337,31,306,103,234,0,0,0,31,0,0,103,203,0,0,279.0,44.0,235.0
AUSO,164,2026-10-02,2030-10-01,6,1) 0 a 30 dias,,7) $100.001 a $500.000,58,9750878.7,9750878.7,121,14,107,27,94,0,0,0,14,0,0,27,80,0,0,117.0,19.0,98.0
AUSO,164,2026-10-02,2030-10-01,6,1) 0 a 30 dias,,8) >$500.000,1,1122461.87,1122461.87,0,0,0,0,0,0,0,0,0,0,0,0,0,0,0,0.0,0.0,0.0
AUSO,165,2026-10-02,2030-10-01,6,1) 0 a 30 dias,,1) MENOR A $5.000,960,2134501.08,2134501.08,2115,131,1984,854,1261,0,0,0,131,0,0,854,1130,0,0,1261.0,131.0,1130.0
AUSO,165,2026-10-02,2030-10-01,6,1) 0 a 30 dias,,2) $5.001 a $10.000,188,1332122.09,1332122.09,365,36,329,108,257,0,0,0,36,0,0,108,221,0,0,257.0,36.0,221.0
AUSO,165,2026-10-02,2030-10-01,6,1) 0 a 30 dias,,3) $10.001 a $20.000,121,1709308.4,1709308.4,341,18,323,176,165,0,0,0,18,0,0,176,147,0,0,165.0,18.0,147.0
AUSO,165,2026-10-02,2030-10-01,6,1) 0 a 30 dias,,4) $20.001 a $35.000,57,1538396.76,1538396.76,106,8,98,36,70,0,0,0,8,0,0,36,62,0,0,70.0,8.0,62.0
AUSO,165,2026-10-02,2030-10-01,6,1) 0 a 30 dias,,5) $35.001 a $50.000,30,1228103.89,1228103.89,51,2,49,11,40,0,0,0,2,0,0,11,38,0,0,43.0,3.0,40.0
AUSO,165,2026-10-02,2030-10-01,6,1) 0 a 30 dias,,6) $50.001 a $100.000,26,1824348.13,1824348.13,56,3,53,17,39,0,0,0,3,0,0,17,36,0,0,47.0,5.0,42.0
AUSO,165,2026-10-02,2030-10-01,6,1) 0 a 30 dias,,7) $100.001 a $500.000,13,2457706.13,2457706.13,71,3,68,50,21,0,0,0,3,0,0,50,18,0,0,25.0,4.0,21.0
AYS3,260816,2026-08-19,2026-11-28,50,2) 31 a 60 dias,,1) MENOR A $5.000,583,101187345.58,861173.65,859,130,729,231,2,0,626,0,0,0,130,231,2,0,496,11350.0,4815.0,6535.0
AYS3,260816,2026-08-19,2026-11-28,50,2) 31 a 60 dias,,2) $5.001 a $10.000,75,139261674.01,524289.35,96,19,77,0,2,1,93,0,0,1,18,0,2,0,75,1681.0,671.0,1010.0
AYS3,260816,2026-08-19,2026-11-28,50,2) 31 a 60 dias,,3) $10.001 a $20.000,74,309809237.58,1088678.04,81,21,60,0,2,0,79,0,0,0,21,0,2,0,58,1590.0,839.0,751.0
AYS3,260816,2026-08-19,2026-11-28,50,2) 31 a 60 dias,,4) $20.001 a $35.000,83,318912410.42,2296587.61,60,11,49,0,2,0,58,0,2,0,9,0,0,0,49,1075.0,354.0,721.0
AYS3,260816,2026-08-19,2026-11-28,50,2) 31 a 60 dias,,5) $35.001 a $50.000,98,408844289.7,4186453.86,113,22,91,2,6,0,105,0,2,0,20,2,4,0,85,1883.0,774.0,1109.0
AYS3,260816,2026-08-19,2026-11-28,50,2) 31 a 60 dias,,6) $50.001 a $100.000,324,851094788.96,22315757.13,293,56,237,2,9,1,281,0,5,1,50,2,4,0,231,5347.0,1952.0,3395.0
AYS3,260816,2026-08-19,2026-11-28,50,2) 31 a 60 dias,,7) $100.001 a $500.000,3658,6926190562.86,1153920999.9,4817,945,3872,6,63,8,4740,0,27,7,911,6,36,1,3829,91644.0,38212.0,53432.0
AYS3,260816,2026-08-19,2026-11-28,50,2) 31 a 60 dias,,8) >$500.000,1663,7338581643.86,1337269143.86,2514,532,1982,19,24,6,2465,0,10,5,517,19,14,1,1948,46808.0,19058.0,27750.0
AYSA,260802,2026-08-02,2026-11-14,67,3) 61 a 90 dias,,1) MENOR A $5.000,273,22466280.14,546153.17,439,91,348,61,9,4,365,0,0,2,89,61,9,2,276,7258.0,3958.0,3300.0
AYSA,260802,2026-08-02,2026-11-14,67,3) 61 a 90 dias,,2) $5.001 a $10.000,140,6174815.27,1054034.12,212,41,171,0,3,4,205,0,1,2,38,0,2,2,167,3940.0,1816.0,2124.0
AYSA,260802,2026-08-02,2026-11-14,67,3) 61 a 90 dias,,3) $10.001 a $20.000,608,25105709.73,9863350.19,978,197,781,4,22,12,940,0,11,6,180,4,11,6,760,17679.0,7933.0,9746.0
AYSA,260802,2026-08-02,2026-11-14,67,3) 61 a 90 dias,,4) $20.001 a $35.000,891,51415554.84,24400749.82,1452,355,1097,7,28,25,1392,0,13,14,328,7,15,11,1064,28387.0,14361.0,14026.0
AYSA,260802,2026-08-02,2026-11-14,67,3) 61 a 90 dias,,5) $35.001 a $50.000,768,58714210.83,32258409.76,1155,289,866,5,25,25,1100,0,14,18,257,5,11,7,843,23002.0,11616.0,11386.0
AYSA,260802,2026-08-02,2026-11-14,67,3) 61 a 90 dias,,6) $50.001 a $100.000,1906,271361824.03,141245136.52,2929,701,2228,11,54,45,2819,0,21,33,647,11,33,12,2172,61793.0,29410.0,32383.0
AYSA,260802,2026-08-02,2026-11-14,67,3) 61 a 90 dias,,7) $100.001 a $500.000,6637,2687377895.51,1520064191.13,10969,2939,8030,105,129,117,10618,0,41,77,2821,105,88,40,7797,255188.0,131668.0,123520.0
AYSA,260802,2026-08-02,2026-11-14,67,3) 61 a 90 dias,,8) >$500.000,1145,3493411920.85,1457329110.92,2191,682,1509,20,35,58,2078,0,16,50,616,20,19,8,1462,51013.0,27851.0,23162.0
AYSA,260913,2026-09-13,2026-12-26,25,1) 0 a 30 dias,,1) MENOR A $5.000,637,9874030.82,1048046.4,1116,161,955,346,6,27,737,0,2,6,153,346,4,21,584,11167.0,3411.0,7756.0
AYSA,260913,2026-09-13,2026-12-26,25,1) 0 a 30 dias,,2) $5.001 a $10.000,200,14283868.95,1482952.6,320,66,254,0,10,21,289,0,4,4,58,0,6,17,231,4760.0,1416.0,3344.0
AYSA,260913,2026-09-13,2026-12-26,25,1) 0 a 30 dias,,3) $10.001 a $20.000,656,33201308.9,10379383.64,1010,200,810,5,24,70,911,0,6,14,180,5,18,56,731,14200.0,4103.0,10097.0
AYSA,260913,2026-09-13,2026-12-26,25,1) 0 a 30 dias,,4) $20.001 a $35.000,993,64451685.48,27323027.32,1513,327,1186,4,23,62,1424,0,10,20,297,4,13,42,1127,21729.0,6561.0,15168.0
AYSA,260913,2026-09-13,2026-12-26,25,1) 0 a 30 dias,,5) $35.001 a $50.000,826,76347469.0,35054378.61,1253,269,984,7,29,24,1193,0,9,11,249,7,20,13,944,18332.0,5765.0,12567.0
AYSA,260913,2026-09-13,2026-12-26,25,1) 0 a 30 dias,,6) $50.001 a $100.000,2209,321728290.88,164528833.33,3461,704,2757,13,77,85,3286,0,22,32,650,13,55,53,2636,50673.0,15192.0,35481.0
AYSA,260913,2026-09-13,2026-12-26,25,1) 0 a 30 dias,,7) $100.001 a $500.000,9448,5732357636.72,2298563810.02,14724,2799,11925,94,239,231,14160,0,66,117,2616,94,173,114,11544,213300.0,55953.0,157347.0
AYSA,260913,2026-09-13,2026-12-26,25,1) 0 a 30 dias,,8) >$500.000,2129,5099218648.27,2097588419.67,3530,758,2772,28,58,68,3376,0,18,33,707,28,40,35,2669,51766.0,15412.0,36354.0
AYSC,260501,2026-05-06,2053-09-20,155,4) 91 a 180 dias,,1) MENOR A $5.000,2,4173.57,4173.57,3,1,2,3,0,0,0,1,0,0,0,2,0,0,0,0.0,0.0,0.0
AYSC,260501,2026-05-06,2053-09-20,155,4) 91 a 180 dias,,2) $5.001 a $10.000,3,26621.98,26621.98,3,2,1,0,0,0,3,0,0,0,2,0,0,0,1,235.0,156.0,79.0
AYSC,260501,2026-05-06,2053-09-20,155,4) 91 a 180 dias,,3) $10.001 a $20.000,31,513443.02,513443.02,52,16,36,26,0,0,26,10,0,0,6,16,0,0,20,2063.0,472.0,1591.0
AYSC,260501,2026-05-06,2053-09-20,155,4) 91 a 180 dias,,4) $20.001 a $35.000,64,1800366.84,1800366.84,115,51,64,69,0,1,45,32,0,0,19,37,0,1,26,3542.0,1484.0,2058.0
AYSC,260501,2026-05-06,2053-09-20,155,4) 91 a 180 dias,,5) $35.001 a $50.000,75,3160978.5,3160978.5,223,55,168,56,0,1,166,26,0,0,29,30,0,1,137,13013.0,2287.0,10726.0
AYSC,260501,2026-05-06,2053-09-20,155,4) 91 a 180 dias,,6) $50.001 a $100.000,175,12400207.57,12400207.57,318,117,201,145,0,4,169,55,0,1,61,90,0,3,108,13148.0,4766.0,8382.0
AYSC,260501,2026-05-06,2053-09-20,155,4) 91 a 180 dias,,7) $100.001 a $500.000,439,102818706.9,102818706.9,851,274,577,296,0,5,550,102,0,1,171,194,0,4,379,43083.0,13375.0,29708.0
AYSC,260501,2026-05-06,2053-09-20,155,4) 91 a 180 dias,,8) >$500.000,260,371758407.15,371758407.15,525,185,340,196,0,3,326,72,0,0,113,124,0,3,213,25703.0,8889.0,16814.0
AYSE,260826,2026-08-26,2026-10-12,43,2) 31 a 60 dias,,1) MENOR A $5.000,45,79259.56,74081.19,75,10,65,4,1,0,70,0,0,0,10,4,1,0,60,672.0,251.0,421.0
AYSE,260826,2026-08-26,2026-10-12,43,2) 31 a 60 dias,,2) $5.001 a $10.000,54,536040.3,469373.35,59,18,41,1,1,0,57,0,0,0,18,1,1,0,39,800.0,487.0,313.0
AYSE,260826,2026-08-26,2026-10-12,43,2) 31 a 60 dias,,3) $10.001 a $20.000,267,4929934.62,4296903.36,403,82,321,2,2,0,399,0,1,0,81,2,1,0,318,4864.0,2206.0,2658.0
AYSE,260826,2026-08-26,2026-10-12,43,2) 31 a 60 dias,,4) $20.001 a $35.000,354,10579798.12,9179389.72,648,151,497,10,11,2,625,0,0,1,150,10,11,1,475,8145.0,3869.0,4276.0
AYSE,260826,2026-08-26,2026-10-12,43,2) 31 a 60 dias,,5) $35.001 a $50.000,295,14195144.68,12289427.92,482,144,338,1,7,1,473,0,2,1,141,1,5,0,332,6390.0,3712.0,2678.0
AYSE,260826,2026-08-26,2026-10-12,43,2) 31 a 60 dias,,6) $50.001 a $100.000,434,35139250.13,30311256.38,732,216,516,1,14,1,716,0,2,1,213,1,12,0,503,9787.0,5581.0,4206.0
AYSE,260826,2026-08-26,2026-10-12,43,2) 31 a 60 dias,,7) $100.001 a $500.000,333,74464457.03,62113068.77,647,189,458,4,5,13,625,0,0,12,177,4,5,1,448,8742.0,4683.0,4059.0
AYSE,260826,2026-08-26,2026-10-12,43,2) 31 a 60 dias,,8) >$500.000,58,154979115.35,120115278.2,227,70,157,3,3,4,217,0,0,4,66,3,3,0,151,2986.0,1709.0,1277.0
AYSE,260902,2026-09-02,2026-10-19,36,2) 31 a 60 dias,,1) MENOR A $5.000,53,142142.79,119647.03,94,35,59,4,0,0,90,0,0,0,35,4,0,0,55,1174.0,755.0,419.0
AYSE,260902,2026-09-02,2026-10-19,36,2) 31 a 60 dias,,2) $5.001 a $10.000,46,635600.67,371143.65,64,17,47,0,2,0,62,0,0,0,17,0,2,0,45,828.0,411.0,417.0
AYSE,260902,2026-09-02,2026-10-19,36,2) 31 a 60 dias,,3) $10.001 a $20.000,209,3950467.54,3449078.83,314,108,206,3,4,4,303,0,3,3,102,3,1,1,201,4302.0,2419.0,1883.0
AYSE,260902,2026-09-02,2026-10-19,36,2) 31 a 60 dias,,4) $20.001 a $35.000,375,11199830.9,9796013.32,620,203,417,3,3,1,613,0,0,1,202,3,3,0,411,8834.0,4782.0,4052.0
AYSE,260902,2026-09-02,2026-10-19,36,2) 31 a 60 dias,,5) $35.001 a $50.000,293,14238511.47,12292869.1,533,174,359,4,4,3,522,0,3,2,169,4,1,1,353,7437.0,3967.0,3470.0
AYSE,260902,2026-09-02,2026-10-19,36,2) 31 a 60 dias,,6) $50.001 a $100.000,360,28801803.03,25038196.61,686,259,427,12,11,1,662,0,3,0,256,12,8,1,406,10518.0,6288.0,4230.0
AYSE,260902,2026-09-02,2026-10-19,36,2) 31 a 60 dias,,7) $100.001 a $500.000,192,45706862.25,37460814.45,442,152,290,2,5,11,424,0,1,9,142,2,4,2,282,5784.0,3232.0,2552.0
AYSE,260902,2026-09-02,2026-10-19,36,2) 31 a 60 dias,,8) >$500.000,30,120659420.03,72383549.64,66,20,46,0,0,1,65,0,0,1,19,0,0,0,46,893.0,477.0,416.0
AYSE,260909,2026-09-09,2026-10-26,29,1) 0 a 30 dias,,1) MENOR A $5.000,57,115588.93,108916.25,71,19,52,1,0,3,67,0,0,1,18,1,0,2,49,723.0,332.0,391.0
AYSE,260909,2026-09-09,2026-10-26,29,1) 0 a 30 dias,,2) $5.001 a $10.000,48,446364.83,393852.53,63,11,52,1,1,4,57,0,0,1,10,1,1,3,47,592.0,202.0,390.0
AYSE,260909,2026-09-09,2026-10-26,29,1) 0 a 30 dias,,3) $10.001 a $20.000,270,5097538.16,4458355.18,443,97,346,1,1,23,418,0,1,6,90,1,0,17,328,4340.0,1637.0,2703.0
AYSE,260909,2026-09-09,2026-10-26,29,1) 0 a 30 dias,,4) $20.001 a $35.000,379,11255276.63,9778367.17,669,174,495,6,6,18,639,0,0,7,167,6,6,11,472,7161.0,2994.0,4167.0
AYSE,260909,2026-09-09,2026-10-26,29,1) 0 a 30 dias,,5) $35.001 a $50.000,259,12431371.46,10773168.78,438,90,348,2,4,7,425,0,0,0,90,2,4,7,335,4423.0,1709.0,2714.0
AYSE,260909,2026-09-09,2026-10-26,29,1) 0 a 30 dias,,6) $50.001 a $100.000,322,25811850.48,22384685.36,541,147,394,2,9,4,526,0,1,3,143,2,8,1,383,5873.0,2734.0,3139.0
AYSE,260909,2026-09-09,2026-10-26,29,1) 0 a 30 dias,,7) $100.001 a $500.000,170,41529185.09,32516429.32,306,86,220,3,6,3,294,0,1,2,83,3,5,1,211,3198.0,1487.0,1711.0
AYSE,260909,2026-09-09,2026-10-26,29,1) 0 a 30 dias,,8) >$500.000,45,72729608.58,57355117.53,91,36,55,2,1,3,85,0,0,3,33,2,1,0,52,1040.0,596.0,444.0
AYSE,260916,2026-09-16,2026-11-02,22,1) 0 a 30 dias,,1) MENOR A $5.000,79,406350.73,113607.17,166,27,139,21,1,7,137,0,0,1,26,21,1,6,111,1209.0,367.0,842.0
AYSE,260916,2026-09-16,2026-11-02,22,1) 0 a 30 dias,,2) $5.001 a $10.000,60,574869.45,504869.37,83,22,61,1,0,1,81,0,0,1,21,1,0,0,60,787.0,296.0,491.0
AYSE,260916,2026-09-16,2026-11-02,22,1) 0 a 30 dias,,3) $10.001 a $20.000,292,5564937.41,4808636.84,486,102,384,3,8,15,460,0,1,1,100,3,7,14,360,4362.0,1351.0,3011.0
AYSE,260916,2026-09-16,2026-11-02,22,1) 0 a 30 dias,,4) $20.001 a $35.000,469,13934666.84,12120059.27,795,182,613,5,6,9,775,0,1,2,179,5,5,7,596,7407.0,2556.0,4851.0
AYSE,260916,2026-09-16,2026-11-02,22,1) 0 a 30 dias,,5) $35.001 a $50.000,318,15385995.93,13354079.19,556,139,417,4,4,4,544,0,0,2,137,4,4,2,407,5327.0,1936.0,3391.0
AYSE,260916,2026-09-16,2026-11-02,22,1) 0 a 30 dias,,6) $50.001 a $100.000,432,35769073.01,30441374.12,722,182,540,3,5,10,704,0,1,7,174,3,4,3,530,6731.0,2435.0,4296.0
AYSE,260916,2026-09-16,2026-11-02,22,1) 0 a 30 dias,,7) $100.001 a $500.000,289,67052485.08,53804180.82,569,143,426,0,12,20,537,0,3,15,125,0,9,5,412,5070.0,1697.0,3373.0
AYSE,260916,2026-09-16,2026-11-02,22,1) 0 a 30 dias,,8) >$500.000,43,61967948.25,50188433.42,93,27,66,1,3,0,89,0,0,0,27,1,3,0,62,862.0,352.0,510.0
AYSE,260923,2026-09-23,2026-11-09,15,1) 0 a 30 dias,,1) MENOR A $5.000,59,107558.37,100280.47,97,17,80,15,5,0,77,0,1,0,16,15,4,0,61,578.0,145.0,433.0
AYSE,260923,2026-09-23,2026-11-09,15,1) 0 a 30 dias,,2) $5.001 a $10.000,66,866357.91,547736.67,130,26,104,1,23,0,106,0,5,0,21,1,18,0,85,845.0,211.0,634.0
AYSE,260923,2026-09-23,2026-11-09,15,1) 0 a 30 dias,,3) $10.001 a $20.000,250,4702253.88,4112323.97,381,82,299,0,41,3,337,0,5,3,74,0,36,0,263,2662.0,745.0,1917.0
AYSE,260923,2026-09-23,2026-11-09,15,1) 0 a 30 dias,,4) $20.001 a $35.000,465,14132351.61,11990450.57,766,155,611,3,74,0,689,0,8,0,147,3,66,0,542,5377.0,1427.0,3950.0
AYSE,260923,2026-09-23,2026-11-09,15,1) 0 a 30 dias,,5) $35.001 a $50.000,339,16660174.99,14420994.26,544,107,437,5,55,0,484,0,9,0,98,5,46,0,386,3805.0,972.0,2833.0
AYSE,260923,2026-09-23,2026-11-09,15,1) 0 a 30 dias,,6) $50.001 a $100.000,569,46314860.41,40114624.27,1007,226,781,6,33,40,928,0,8,18,200,6,25,22,728,8234.0,2349.0,5885.0
AYSE,260923,2026-09-23,2026-11-09,15,1) 0 a 30 dias,,7) $100.001 a $500.000,371,79524316.38,66635830.72,837,193,644,8,29,40,760,0,9,18,166,8,20,22,594,6645.0,1936.0,4709.0
AYSE,260923,2026-09-23,2026-11-09,15,1) 0 a 30 dias,,8) >$500.000,45,66479892.4,55508305.98,119,40,79,0,9,6,104,0,1,4,35,0,8,2,69,962.0,404.0,558.0
AYSE,260930,2026-09-30,2026-11-16,8,1) 0 a 30 dias,,1) MENOR A $5.000,74,177574.85,163570.02,135,22,113,27,0,108,0,0,0,22,0,27,0,86,0,432.0,88.0,344.0
AYSE,260930,2026-09-30,2026-11-16,8,1) 0 a 30 dias,,2) $5.001 a $10.000,77,713252.49,633567.0,125,23,102,7,4,114,0,0,0,23,0,7,4,91,0,466.0,92.0,374.0
AYSE,260930,2026-09-30,2026-11-16,8,1) 0 a 30 dias,,3) $10.001 a $20.000,290,5262472.56,4751359.53,510,74,436,46,9,455,0,0,2,72,0,46,7,383,0,1839.0,292.0,1547.0
AYSE,260930,2026-09-30,2026-11-16,8,1) 0 a 30 dias,,4) $20.001 a $35.000,587,17113076.51,15348912.78,994,157,837,94,15,885,0,0,4,153,0,94,11,732,0,3565.0,616.0,2949.0
AYSE,260930,2026-09-30,2026-11-16,8,1) 0 a 30 dias,,5) $35.001 a $50.000,425,20063119.71,18002991.79,792,135,657,103,17,672,0,0,5,130,0,103,12,542,0,2729.0,533.0,2196.0
AYSE,260930,2026-09-30,2026-11-16,8,1) 0 a 30 dias,,6) $50.001 a $100.000,586,46150564.45,40660339.23,1090,177,913,87,16,987,0,0,5,172,0,87,11,815,0,3978.0,701.0,3277.0
AYSE,260930,2026-09-30,2026-11-16,8,1) 0 a 30 dias,,7) $100.001 a $500.000,334,72506525.17,62906825.0,665,126,539,59,11,595,0,0,4,122,0,59,7,473,0,2403.0,500.0,1903.0
AYSE,260930,2026-09-30,2026-11-16,8,1) 0 a 30 dias,,8) >$500.000,56,109280283.09,92387388.02,155,30,125,16,4,135,0,0,2,28,0,16,2,107,0,550.0,118.0,432.0
AYSE,261007,2026-10-07,2026-11-23,1,1) 0 a 30 dias,,1) MENOR A $5.000,51,83483.49,83483.49,101,0,101,101,0,0,0,0,0,0,0,101,0,0,0,0.0,0.0,0.0
AYSE,261007,2026-10-07,2026-11-23,1,1) 0 a 30 dias,,2) $5.001 a $10.000,66,548372.99,548372.99,97,0,97,97,0,0,0,0,0,0,0,97,0,0,0,0.0,0.0,0.0
AYSE,261007,2026-10-07,2026-11-23,1,1) 0 a 30 dias,,3) $10.001 a $20.000,273,4544777.83,4544777.83,472,0,472,472,0,0,0,0,0,0,0,472,0,0,0,0.0,0.0,0.0
AYSE,261007,2026-10-07,2026-11-23,1,1) 0 a 30 dias,,4) $20.001 a $35.000,501,13048162.31,13048162.31,885,0,885,885,0,0,0,0,0,0,0,885,0,0,0,0.0,0.0,0.0
AYSE,261007,2026-10-07,2026-11-23,1,1) 0 a 30 dias,,5) $35.001 a $50.000,353,14806510.81,14806510.81,636,0,636,636,0,0,0,0,0,0,0,636,0,0,0,0.0,0.0,0.0
AYSE,261007,2026-10-07,2026-11-23,1,1) 0 a 30 dias,,6) $50.001 a $100.000,451,31522494.09,31522494.09,853,0,853,853,0,0,0,0,0,0,0,853,0,0,0,0.0,0.0,0.0
AYSE,261007,2026-10-07,2026-11-23,1,1) 0 a 30 dias,,7) $100.001 a $500.000,292,54910385.02,54910385.02,623,0,623,623,0,0,0,0,0,0,0,623,0,0,0,0.0,0.0,0.0
AYSE,261007,2026-10-07,2026-11-23,1,1) 0 a 30 dias,,8) >$500.000,49,60956835.48,60956835.48,84,0,84,84,0,0,0,0,0,0,0,84,0,0,0,0.0,0.0,0.0
AYSJ,230901,2023-09-01,2028-08-30,1133,6) Mayor a 360 dias,,1) MENOR A $5.000,839,0.0,0.0,1021,458,563,0,9,3,1009,0,8,2,448,0,1,1,561,525504.0,223787.0,301717.0
AYSJ,231001,2023-10-24,2028-10-22,1080,6) Mayor a 360 dias,,1) MENOR A $5.000,158,0.0,0.0,180,84,96,0,0,1,179,0,0,1,83,0,0,0,96,91550.0,40516.0,51034.0
AYSJ,231201,2023-12-01,2028-11-29,1042,6) Mayor a 360 dias,,1) MENOR A $5.000,104,0.0,0.0,120,56,64,0,0,0,120,0,0,0,56,0,0,0,64,60967.0,27353.0,33614.0
AYSJ,240101,2024-01-01,2028-12-30,1011,6) Mayor a 360 dias,,1) MENOR A $5.000,56,0.0,0.0,39,20,19,0,0,0,39,0,0,0,20,0,0,0,19,19944.0,9768.0,10176.0
AYSJ,240701,2024-07-18,2029-07-17,812,6) Mayor a 360 dias,,1) MENOR A $5.000,84,0.0,0.0,6,0,6,4,2,0,0,0,0,0,0,4,2,0,0,2.0,0.0,2.0
AYSJ,240722,2024-07-22,2029-07-21,808,6) Mayor a 360 dias,,1) MENOR A $5.000,1100,0.0,0.0,833,22,811,462,371,0,0,0,22,0,0,462,349,0,0,371.0,22.0,349.0
AYSJ,241201,2024-12-01,2029-11-30,676,6) Mayor a 360 dias,,1) MENOR A $5.000,23,0.0,0.0,25,1,24,14,11,0,0,0,1,0,0,14,10,0,0,11.0,1.0,10.0
AYSJ,250526,2025-05-26,2030-05-25,500,6) Mayor a 360 dias,,1) MENOR A $5.000,95,0.0,0.0,79,2,77,53,26,0,0,0,2,0,0,53,24,0,0,26.0,2.0,24.0
AYSJ,250801,2025-08-12,2030-08-11,422,6) Mayor a 360 dias,,1) MENOR A $5.000,150,0.0,0.0,0,0,0,0,0,0,0,0,0,0,0,0,0,0,0,0.0,0.0,0.0
AYSJ,260501,2026-05-22,2031-05-21,139,4) 91 a 180 dias,,1) MENOR A $5.000,145,0.0,0.0,140,0,140,140,0,0,0,0,0,0,0,140,0,0,0,0.0,0.0,0.0
CVIA,0001,2026-06-16,2026-12-13,114,4) 91 a 180 dias,,1) MENOR A $5.000,561,2627782.43,2627782.43,1099,361,738,4,0,1,1094,0,0,1,360,4,0,0,734,33820.0,24985.0,8835.0
CVIA,0001,2026-06-16,2026-12-13,114,4) 91 a 180 dias,,2) $5.001 a $10.000,2789,19742416.69,19742416.69,5506,1755,3751,46,29,12,5419,0,5,4,1746,46,24,8,3673,170994.0,123288.0,47706.0
CVIA,0001,2026-06-16,2026-12-13,114,4) 91 a 180 dias,,3) $10.001 a $20.000,3142,46463795.47,46463795.47,6215,2034,4181,13,5,4,6193,0,2,4,2028,13,3,0,4165,197607.0,144484.0,53123.0
CVIA,0001,2026-06-16,2026-12-13,114,4) 91 a 180 dias,,4) $20.001 a $35.000,2234,58826836.48,58826836.48,4452,1465,2987,11,1,5,4435,0,0,2,1463,11,1,3,2972,142459.0,102989.0,39470.0
CVIA,0001,2026-06-16,2026-12-13,114,4) 91 a 180 dias,,5) $35.001 a $50.000,998,41644917.83,41644917.83,1970,647,1323,9,16,8,1937,0,1,2,644,9,15,6,1293,63004.0,45698.0,17306.0
CVIA,0001,2026-06-16,2026-12-13,114,4) 91 a 180 dias,,6) $50.001 a $100.000,1418,99628629.61,99628629.61,2800,896,1904,8,3,4,2785,0,2,3,891,8,1,1,1894,89356.0,63459.0,25897.0
CVIA,0001,2026-06-16,2026-12-13,114,4) 91 a 180 dias,,7) $100.001 a $500.000,932,160377625.19,160377625.19,1869,639,1230,11,10,14,1834,0,2,5,632,11,8,9,1202,61494.0,44824.0,16670.0
CVIA,0001,2026-06-16,2026-12-13,114,4) 91 a 180 dias,,8) >$500.000,32,52603044.22,52603044.22,76,29,47,2,1,1,72,0,0,0,29,2,1,1,43,2162.0,1611.0,551.0
CVIA,0002,2026-06-16,2026-12-13,114,4) 91 a 180 dias,,1) MENOR A $5.000,6157,19222286.37,19222286.37,11912,3714,8198,27,3,3,11879,0,3,3,3708,27,0,0,8171,369671.0,273073.0,96598.0
CVIA,0002,2026-06-16,2026-12-13,114,4) 91 a 180 dias,,2) $5.001 a $10.000,4053,29484938.22,29484938.22,8235,2610,5625,17,5,7,8206,0,4,4,2602,17,1,3,5604,260752.0,193931.0,66821.0
CVIA,0002,2026-06-16,2026-12-13,114,4) 91 a 180 dias,,3) $10.001 a $20.000,1343,15998135.69,15998135.69,2613,857,1756,5,0,4,2604,0,0,3,854,5,0,1,1750,85293.0,63990.0,21303.0
CVIA,0003,2026-06-16,2026-12-13,114,4) 91 a 180 dias,,1) MENOR A $5.000,14885,35900580.75,35900580.75,20140,6197,13943,70,425,493,19152,0,380,398,5419,70,45,95,13733,501971.0,363302.0,138669.0
CVIA,0003,2026-06-16,2026-12-13,114,4) 91 a 180 dias,,2) $5.001 a $10.000,1281,7139340.39,7139340.39,1719,550,1169,7,4,0,1708,0,3,0,547,7,1,0,1161,51909.0,39368.0,12541.0
CVIA,0004,2026-06-16,2026-12-13,114,4) 91 a 180 dias,,1) MENOR A $5.000,22169,29597623.25,29597623.25,133532,4610,128922,2364,11395,46870,72903,0,1381,1619,1610,2364,10014,45251,71293,762605.0,24439.0,738166.0
CVIA,0005,2026-06-16,2026-12-13,114,4) 91 a 180 dias,,1) MENOR A $5.000,29609,21369129.09,21369129.09,40224,12610,27614,570,4115,5175,30364,0,3925,4381,4304,570,190,794,26060,253179.0,66019.0,187160.0
CVIA,0006,2026-06-16,2026-12-13,114,4) 91 a 180 dias,,1) MENOR A $5.000,36195,7405034.76,7405034.76,49033,14980,34053,386,1575,1488,45584,0,1425,1239,12316,386,150,249,33268,502566.0,267946.0,234620.0
CVIA,0007,2026-06-16,2026-12-13,114,4) 91 a 180 dias,,1) MENOR A $5.000,43018,2827022.52,2827022.52,59820,3593,56227,39745,19341,0,734,0,3365,0,228,39745,15976,0,506,36806.0,10147.0,26659.0
DRTV,260702,2026-07-02,2026-10-30,98,4) 91 a 180 dias,,1) MENOR A $5.000,9,25402.89,25402.89,18,4,14,1,0,0,17,0,0,0,4,1,0,0,13,355.0,174.0,181.0
DRTV,260702,2026-07-02,2026-10-30,98,4) 91 a 180 dias,,2) $5.001 a $10.000,7,53043.64,53043.64,12,4,8,0,0,0,12,0,0,0,4,0,0,0,8,292.0,161.0,131.0
DRTV,260702,2026-07-02,2026-10-30,98,4) 91 a 180 dias,,3) $10.001 a $20.000,26,409410.81,409410.81,45,9,36,9,0,0,36,0,0,0,9,9,0,0,27,765.0,421.0,344.0
DRTV,260702,2026-07-02,2026-10-30,98,4) 91 a 180 dias,,4) $20.001 a $35.000,55,1575493.13,1575493.13,78,24,54,13,0,0,65,0,0,0,24,13,0,0,41,1555.0,1084.0,471.0
DRTV,260702,2026-07-02,2026-10-30,98,4) 91 a 180 dias,,5) $35.001 a $50.000,440,20447459.56,20447459.56,628,171,457,35,4,1,588,0,1,1,169,35,3,0,419,13432.0,7727.0,5705.0
DRTV,260702,2026-07-02,2026-10-30,98,4) 91 a 180 dias,,6) $50.001 a $100.000,1843,135177401.25,135177401.25,2822,726,2096,168,23,6,2625,0,3,6,717,168,20,0,1908,59035.0,32589.0,26446.0
DRTV,260702,2026-07-02,2026-10-30,98,4) 91 a 180 dias,,7) $100.001 a $500.000,1869,295207773.25,295207773.25,3189,797,2392,186,29,7,2967,0,6,4,787,186,23,3,2180,66714.0,36042.0,30672.0
DRTV,260702,2026-07-02,2026-10-30,98,4) 91 a 180 dias,,8) >$500.000,2,1194573.77,1194573.77,4,2,2,0,0,0,4,0,0,0,2,0,0,0,2,128.0,104.0,24.0
DRTV,260804,2026-08-04,2026-12-02,65,3) 61 a 90 dias,,1) MENOR A $5.000,7,24821.04,24821.04,19,4,15,2,0,1,16,0,0,0,4,2,0,1,12,341.0,155.0,186.0
DRTV,260804,2026-08-04,2026-12-02,65,3) 61 a 90 dias,,2) $5.001 a $10.000,10,71733.16,71733.16,17,11,6,0,0,0,17,0,0,0,11,0,0,0,6,619.0,529.0,90.0
DRTV,260804,2026-08-04,2026-12-02,65,3) 61 a 90 dias,,3) $10.001 a $20.000,32,515008.39,515008.39,57,17,40,2,0,0,55,0,0,0,17,2,0,0,38,1447.0,816.0,631.0
DRTV,260804,2026-08-04,2026-12-02,65,3) 61 a 90 dias,,4) $20.001 a $35.000,54,1550020.62,1550020.62,85,32,53,0,0,0,85,0,0,0,32,0,0,0,53,2619.0,1551.0,1068.0
DRTV,260804,2026-08-04,2026-12-02,65,3) 61 a 90 dias,,5) $35.001 a $50.000,572,27351986.67,27351986.67,923,275,648,1,2,0,920,0,0,0,275,1,2,0,645,24547.0,13397.0,11150.0
DRTV,260804,2026-08-04,2026-12-02,65,3) 61 a 90 dias,,6) $50.001 a $100.000,1737,118717576.84,118717576.84,2711,796,1915,17,19,3,2672,0,3,3,790,17,16,0,1882,68929.0,36597.0,32332.0
DRTV,260804,2026-08-04,2026-12-02,65,3) 61 a 90 dias,,7) $100.001 a $500.000,1404,227860572.98,227860572.98,2494,730,1764,8,23,3,2460,0,8,2,720,8,15,1,1740,63133.0,33786.0,29347.0
DRTV,260804,2026-08-04,2026-12-02,65,3) 61 a 90 dias,,8) >$500.000,2,1238772.52,1238772.52,2,0,2,0,0,0,2,0,0,0,0,0,0,0,2,30.0,0.0,30.0
DRTV,260902,2026-09-02,2026-12-31,36,2) 31 a 60 dias,,1) MENOR A $5.000,4,12790.0,12790.0,7,6,1,0,0,0,7,0,0,0,6,0,0,0,1,166.0,152.0,14.0
DRTV,260902,2026-09-02,2026-12-31,36,2) 31 a 60 dias,,2) $5.001 a $10.000,8,58616.56,58616.56,20,4,16,0,0,0,20,0,0,0,4,0,0,0,16,333.0,109.0,224.0
DRTV,260902,2026-09-02,2026-12-31,36,2) 31 a 60 dias,,3) $10.001 a $20.000,23,368034.66,368034.66,34,15,19,0,0,0,34,0,0,0,15,0,0,0,19,631.0,365.0,266.0
DRTV,260902,2026-09-02,2026-12-31,36,2) 31 a 60 dias,,4) $20.001 a $35.000,45,1237426.52,1237426.52,96,42,54,0,0,0,96,0,0,0,42,0,0,0,54,1914.0,1070.0,844.0
DRTV,260902,2026-09-02,2026-12-31,36,2) 31 a 60 dias,,5) $35.001 a $50.000,134,5871649.88,5871649.88,235,99,136,1,0,0,234,0,0,0,99,1,0,0,135,4597.0,2508.0,2089.0
DRTV,260902,2026-09-02,2026-12-31,36,2) 31 a 60 dias,,6) $50.001 a $100.000,1738,124870108.57,124870108.57,2728,1145,1583,29,0,7,2692,0,0,5,1140,29,0,2,1552,52201.0,28909.0,23292.0
DRTV,260902,2026-09-02,2026-12-31,36,2) 31 a 60 dias,,7) $100.001 a $500.000,1988,349017258.31,349017258.31,3580,1481,2099,26,0,2,3552,0,0,2,1479,26,0,0,2073,68616.0,37579.0,31037.0
DRTV,260902,2026-09-02,2026-12-31,36,2) 31 a 60 dias,,8) >$500.000,2,1307230.34,1307230.34,6,1,5,0,0,0,6,0,0,0,1,0,0,0,5,98.0,28.0,70.0
DRTV,261002,2026-10-02,2027-01-30,6,1) 0 a 30 dias,,1) MENOR A $5.000,9,27857.07,27857.07,7,0,7,6,0,1,0,0,0,0,0,6,0,1,0,5.0,0.0,5.0
DRTV,261002,2026-10-02,2027-01-30,6,1) 0 a 30 dias,,2) $5.001 a $10.000,11,76085.71,76085.71,14,1,13,8,0,6,0,0,0,1,0,8,0,5,0,30.0,5.0,25.0
DRTV,261002,2026-10-02,2027-01-30,6,1) 0 a 30 dias,,3) $10.001 a $20.000,30,456029.48,456029.48,39,2,37,24,0,15,0,0,0,2,0,24,0,13,0,75.0,10.0,65.0
DRTV,261002,2026-10-02,2027-01-30,6,1) 0 a 30 dias,,4) $20.001 a $35.000,60,1627840.99,1627840.99,77,2,75,54,0,23,0,0,0,2,0,54,0,21,0,115.0,10.0,105.0
DRTV,261002,2026-10-02,2027-01-30,6,1) 0 a 30 dias,,5) $35.001 a $50.000,120,5207028.23,5207028.23,176,11,165,86,0,90,0,0,0,11,0,86,0,79,0,450.0,55.0,395.0
DRTV,261002,2026-10-02,2027-01-30,6,1) 0 a 30 dias,,6) $50.001 a $100.000,1790,128980722.78,128980722.78,2441,143,2298,1313,1,1127,0,0,1,142,0,1313,0,985,0,5638.0,713.0,4925.0
DRTV,261002,2026-10-02,2027-01-30,6,1) 0 a 30 dias,,7) $100.001 a $500.000,2005,349553413.02,349553413.02,3186,163,3023,1871,5,1310,0,0,2,161,0,1871,3,1149,0,6563.0,811.0,5752.0
DRTV,261002,2026-10-02,2027-01-30,6,1) 0 a 30 dias,,8) >$500.000,2,1077126.48,1077126.48,3,0,3,3,0,0,0,0,0,0,0,3,0,0,0,0.0,0.0,0.0
DRTW,260702,2026-07-02,2026-10-30,98,4) 91 a 180 dias,,1) MENOR A $5.000,4,17243.0,17243.0,8,3,5,0,0,0,8,0,0,0,3,0,0,0,5,169.0,108.0,61.0
DRTW,260702,2026-07-02,2026-10-30,98,4) 91 a 180 dias,,2) $5.001 a $10.000,2,15609.68,15609.68,2,0,2,0,0,0,2,0,0,0,0,0,0,0,2,22.0,0.0,22.0
DRTW,260702,2026-07-02,2026-10-30,98,4) 91 a 180 dias,,3) $10.001 a $20.000,14,205655.39,205655.39,25,4,21,0,0,0,25,0,0,0,4,0,0,0,21,487.0,167.0,320.0
DRTW,260702,2026-07-02,2026-10-30,98,4) 91 a 180 dias,,4) $20.001 a $35.000,16,390347.45,390347.45,30,13,17,1,1,0,28,0,0,0,13,1,1,0,15,766.0,569.0,197.0
DRTW,260702,2026-07-02,2026-10-30,98,4) 91 a 180 dias,,5) $35.001 a $50.000,85,3997573.13,3997573.13,168,49,119,7,9,2,150,0,1,1,47,7,8,1,103,3524.0,2033.0,1491.0
DRTW,260702,2026-07-02,2026-10-30,98,4) 91 a 180 dias,,6) $50.001 a $100.000,1056,75569280.67,75569280.67,1961,487,1474,44,85,7,1825,0,7,5,475,44,78,2,1350,37490.0,19503.0,17987.0
DRTW,260702,2026-07-02,2026-10-30,98,4) 91 a 180 dias,,7) $100.001 a $500.000,891,150908103.45,150908103.45,1938,458,1480,36,73,6,1823,0,5,3,450,36,68,3,1373,36924.0,18330.0,18594.0
DRTW,260804,2026-08-04,2026-12-02,65,3) 61 a 90 dias,,1) MENOR A $5.000,3,10600.36,10600.36,5,3,2,0,0,0,5,0,0,0,3,0,0,0,2,113.0,91.0,22.0
DRTW,260804,2026-08-04,2026-12-02,65,3) 61 a 90 dias,,2) $5.001 a $10.000,6,46978.9,46978.9,14,4,10,0,0,0,14,0,0,0,4,0,0,0,10,299.0,191.0,108.0
DRTW,260804,2026-08-04,2026-12-02,65,3) 61 a 90 dias,,3) $10.001 a $20.000,23,341619.96,341619.96,46,16,30,0,0,1,45,0,0,0,16,0,0,1,29,1097.0,712.0,385.0
DRTW,260804,2026-08-04,2026-12-02,65,3) 61 a 90 dias,,4) $20.001 a $35.000,30,853544.78,853544.78,61,20,41,1,0,2,58,0,0,1,19,1,0,1,39,1379.0,898.0,481.0
DRTW,260804,2026-08-04,2026-12-02,65,3) 61 a 90 dias,,5) $35.001 a $50.000,61,2655077.26,2655077.26,116,31,85,0,2,0,114,0,1,0,30,0,1,0,84,2338.0,1267.0,1071.0
DRTW,260804,2026-08-04,2026-12-02,65,3) 61 a 90 dias,,6) $50.001 a $100.000,861,63118240.12,63118240.12,1551,412,1139,14,12,24,1501,0,4,7,401,14,8,17,1100,31790.0,17197.0,14593.0
DRTW,260804,2026-08-04,2026-12-02,65,3) 61 a 90 dias,,7) $100.001 a $500.000,1091,193291211.29,193291211.29,2292,589,1703,9,19,30,2234,0,5,10,574,9,14,20,1660,46458.0,23973.0,22485.0
DRTW,260902,2026-09-02,2026-12-31,36,2) 31 a 60 dias,,1) MENOR A $5.000,1,1052.0,1052.0,1,1,0,0,0,0,1,0,0,0,1,0,0,0,0,19.0,19.0,0.0
DRTW,260902,2026-09-02,2026-12-31,36,2) 31 a 60 dias,,2) $5.001 a $10.000,6,42732.44,42732.44,14,8,6,0,0,0,14,0,0,0,8,0,0,0,6,245.0,151.0,94.0
DRTW,260902,2026-09-02,2026-12-31,36,2) 31 a 60 dias,,3) $10.001 a $20.000,22,327353.55,327353.55,41,23,18,0,0,0,41,0,0,0,23,0,0,0,18,745.0,457.0,288.0
DRTW,260902,2026-09-02,2026-12-31,36,2) 31 a 60 dias,,4) $20.001 a $35.000,28,811258.28,811258.28,60,32,28,0,0,0,60,0,0,0,32,0,0,0,28,1076.0,624.0,452.0
DRTW,260902,2026-09-02,2026-12-31,36,2) 31 a 60 dias,,5) $35.001 a $50.000,37,1570430.56,1570430.56,70,39,31,0,0,2,68,0,0,1,38,0,0,1,30,1294.0,790.0,504.0
DRTW,260902,2026-09-02,2026-12-31,36,2) 31 a 60 dias,,6) $50.001 a $100.000,578,44599761.81,44599761.81,1101,533,568,10,2,3,1086,0,1,2,530,10,1,1,556,19947.0,10897.0,9050.0
DRTW,260902,2026-09-02,2026-12-31,36,2) 31 a 60 dias,,7) $100.001 a $500.000,1123,208982203.82,208982203.82,2482,1121,1361,21,12,27,2422,0,8,22,1091,21,4,5,1331,43892.0,22429.0,21463.0
DRTW,260902,2026-09-02,2026-12-31,36,2) 31 a 60 dias,,8) >$500.000,9,4994241.74,4994241.74,24,8,16,0,0,0,24,0,0,0,8,0,0,0,16,425.0,171.0,254.0
DRTW,261002,2026-10-02,2027-01-30,6,1) 0 a 30 dias,,1) MENOR A $5.000,8,16165.79,16165.79,7,1,6,3,0,4,0,0,0,1,0,3,0,3,0,22.0,4.0,18.0
DRTW,261002,2026-10-02,2027-01-30,6,1) 0 a 30 dias,,2) $5.001 a $10.000,11,75618.19,75618.19,18,3,15,4,1,13,0,0,1,2,0,4,0,11,0,73.0,12.0,61.0
DRTW,261002,2026-10-02,2027-01-30,6,1) 0 a 30 dias,,3) $10.001 a $20.000,26,361478.93,361478.93,38,5,33,6,2,30,0,0,2,3,0,6,0,27,0,170.0,17.0,153.0
DRTW,261002,2026-10-02,2027-01-30,6,1) 0 a 30 dias,,4) $20.001 a $35.000,27,714102.92,714102.92,43,5,38,23,1,19,0,0,1,4,0,23,0,15,0,108.0,20.0,88.0
DRTW,261002,2026-10-02,2027-01-30,6,1) 0 a 30 dias,,5) $35.001 a $50.000,53,2253565.03,2253565.03,83,10,73,23,2,58,0,0,2,8,0,23,0,50,0,335.0,41.0,294.0
DRTW,261002,2026-10-02,2027-01-30,6,1) 0 a 30 dias,,6) $50.001 a $100.000,960,73944511.73,73944511.73,1349,122,1227,493,22,834,0,0,22,100,0,493,0,734,0,4679.0,487.0,4192.0
DRTW,261002,2026-10-02,2027-01-30,6,1) 0 a 30 dias,,7) $100.001 a $500.000,1586,273853534.83,273853534.83,2503,193,2310,850,39,1614,0,0,38,155,0,850,1,1459,0,9121.0,786.0,8335.0
DRTW,261002,2026-10-02,2027-01-30,6,1) 0 a 30 dias,,8) >$500.000,13,7605140.89,7605140.89,24,1,23,9,0,15,0,0,0,1,0,9,0,14,0,85.0,4.0,81.0
EDE1,260817,2026-08-17,2026-10-14,52,2) 31 a 60 dias,,1) MENOR A $5.000,41,181343.8,181343.8,101,30,71,1,12,0,88,0,3,0,27,1,9,0,61,1375.0,595.0,780.0
EDE1,260817,2026-08-17,2026-10-14,52,2) 31 a 60 dias,,2) $5.001 a $10.000,182,1333948.61,1333948.61,391,104,287,8,50,5,328,0,9,5,90,8,41,0,238,5273.0,2122.0,3151.0
EDE1,260817,2026-08-17,2026-10-14,52,2) 31 a 60 dias,,3) $10.001 a $20.000,271,4179207.56,4179207.56,596,145,451,15,74,1,506,0,14,1,130,15,60,0,376,8096.0,3035.0,5061.0
EDE1,260817,2026-08-17,2026-10-14,52,2) 31 a 60 dias,,4) $20.001 a $35.000,607,17336324.88,17336324.88,1225,311,914,15,158,7,1045,0,19,4,288,15,139,3,757,16928.0,6982.0,9946.0
EDE1,260817,2026-08-17,2026-10-14,52,2) 31 a 60 dias,,5) $35.001 a $50.000,540,22252724.37,22252724.37,1109,283,826,15,111,7,976,0,7,6,270,15,104,1,706,15428.0,6252.0,9176.0
EDE1,260817,2026-08-17,2026-10-14,52,2) 31 a 60 dias,,6) $50.001 a $100.000,1329,99059726.5,99059726.5,2851,721,2130,50,393,13,2395,0,51,8,662,50,342,5,1733,37335.0,14679.0,22656.0
EDE1,260817,2026-08-17,2026-10-14,52,2) 31 a 60 dias,,7) $100.001 a $500.000,7112,1976184041.23,1976184041.23,13772,3548,10224,167,1116,66,12423,0,149,46,3353,167,967,20,9070,193056.0,78487.0,114569.0
EDE1,260817,2026-08-17,2026-10-14,52,2) 31 a 60 dias,,8) >$500.000,8040,10656369702.77,10656369702.77,15583,4389,11194,187,636,60,14700,0,85,43,4261,187,551,17,10439,237333.0,106671.0,130662.0
EDE1,260824,2026-08-24,2026-10-21,45,2) 31 a 60 dias,,1) MENOR A $5.000,6,27436.06,27436.06,18,3,15,1,0,0,17,0,0,0,3,1,0,0,14,263.0,73.0,190.0
EDE1,260824,2026-08-24,2026-10-21,45,2) 31 a 60 dias,,2) $5.001 a $10.000,12,82597.95,82597.95,21,5,16,5,0,0,16,0,0,0,5,5,0,0,11,268.0,125.0,143.0
EDE1,260824,2026-08-24,2026-10-21,45,2) 31 a 60 dias,,3) $10.001 a $20.000,35,547254.3,547254.3,83,14,69,21,0,0,62,0,0,0,14,21,0,0,48,924.0,294.0,630.0
EDE1,260824,2026-08-24,2026-10-21,45,2) 31 a 60 dias,,4) $20.001 a $35.000,59,1669230.1,1669230.1,143,33,110,31,0,1,111,0,0,1,32,31,0,0,79,1721.0,697.0,1024.0
EDE1,260824,2026-08-24,2026-10-21,45,2) 31 a 60 dias,,5) $35.001 a $50.000,57,2366204.57,2366204.57,133,34,99,26,0,1,106,0,0,1,33,26,0,0,73,1668.0,714.0,954.0
EDE1,260824,2026-08-24,2026-10-21,45,2) 31 a 60 dias,,6) $50.001 a $100.000,143,10508229.27,10508229.27,333,89,244,68,0,11,254,0,0,11,78,68,0,0,176,4050.0,1681.0,2369.0
EDE1,260824,2026-08-24,2026-10-21,45,2) 31 a 60 dias,,7) $100.001 a $500.000,361,89568173.15,89568173.15,809,222,587,133,4,19,653,0,3,18,201,133,1,1,452,10394.0,4567.0,5827.0
EDE1,260824,2026-08-24,2026-10-21,45,2) 31 a 60 dias,,8) >$500.000,292,328006235.71,328006235.71,682,210,472,61,8,13,600,0,8,11,191,61,0,2,409,9386.0,4288.0,5098.0
EDE1,260831,2026-08-31,2026-10-28,38,2) 31 a 60 dias,,1) MENOR A $5.000,3,13948.01,13948.01,5,2,3,2,1,0,2,0,1,0,1,2,0,0,1,40.0,28.0,12.0
EDE1,260831,2026-08-31,2026-10-28,38,2) 31 a 60 dias,,2) $5.001 a $10.000,13,91969.64,91969.64,33,14,19,5,2,1,25,0,2,1,11,5,0,0,14,441.0,259.0,182.0
EDE1,260831,2026-08-31,2026-10-28,38,2) 31 a 60 dias,,3) $10.001 a $20.000,49,766111.43,766111.43,132,45,87,23,2,0,107,0,2,0,43,23,0,0,64,1699.0,862.0,837.0
EDE1,260831,2026-08-31,2026-10-28,38,2) 31 a 60 dias,,4) $20.001 a $35.000,59,1638613.55,1638613.55,140,52,88,24,1,3,112,0,1,3,48,24,0,0,64,1854.0,1028.0,826.0
EDE1,260831,2026-08-31,2026-10-28,38,2) 31 a 60 dias,,5) $35.001 a $50.000,57,2375280.32,2375280.32,138,42,96,28,0,0,110,0,0,0,42,28,0,0,68,1771.0,895.0,876.0
EDE1,260831,2026-08-31,2026-10-28,38,2) 31 a 60 dias,,6) $50.001 a $100.000,142,10206556.26,10206556.26,386,121,265,77,9,3,297,0,6,3,112,77,3,0,185,4705.0,2266.0,2439.0
EDE1,260831,2026-08-31,2026-10-28,38,2) 31 a 60 dias,,7) $100.001 a $500.000,420,106498179.41,106498179.41,947,330,617,179,15,13,740,0,15,10,305,179,0,3,435,11877.0,6289.0,5588.0
EDE1,260831,2026-08-31,2026-10-28,38,2) 31 a 60 dias,,8) >$500.000,281,298921813.79,298921813.79,634,288,346,58,7,11,558,0,5,9,274,58,2,2,284,9165.0,5677.0,3488.0
EDE1,260907,2026-09-07,2026-11-04,31,2) 31 a 60 dias,,1) MENOR A $5.000,13,57281.14,57281.14,25,11,14,5,2,1,17,0,2,1,8,5,0,0,9,272.0,155.0,117.0
EDE1,260907,2026-09-07,2026-11-04,31,2) 31 a 60 dias,,2) $5.001 a $10.000,12,87442.14,87442.14,40,13,27,8,0,0,32,0,0,0,13,8,0,0,19,506.0,256.0,250.0
EDE1,260907,2026-09-07,2026-11-04,31,2) 31 a 60 dias,,3) $10.001 a $20.000,29,429556.74,429556.74,63,23,40,10,0,1,52,0,0,1,22,10,0,0,30,784.0,401.0,383.0
EDE1,260907,2026-09-07,2026-11-04,31,2) 31 a 60 dias,,4) $20.001 a $35.000,55,1580612.18,1580612.18,134,38,96,24,1,4,105,0,1,4,33,24,0,0,72,1546.0,616.0,930.0
EDE1,260907,2026-09-07,2026-11-04,31,2) 31 a 60 dias,,5) $35.001 a $50.000,62,2702748.79,2702748.79,134,43,91,25,2,5,102,0,2,5,36,25,0,0,66,1522.0,665.0,857.0
EDE1,260907,2026-09-07,2026-11-04,31,2) 31 a 60 dias,,6) $50.001 a $100.000,157,11764126.38,11764126.38,397,150,247,68,8,4,317,0,8,4,138,68,0,0,179,4846.0,2478.0,2368.0
EDE1,260907,2026-09-07,2026-11-04,31,2) 31 a 60 dias,,7) $100.001 a $500.000,446,111283922.07,111283922.07,1126,407,719,174,19,27,906,0,19,23,365,174,0,4,541,13640.0,6693.0,6947.0
EDE1,260907,2026-09-07,2026-11-04,31,2) 31 a 60 dias,,8) >$500.000,227,253370491.56,253370491.56,519,227,292,55,11,6,447,0,11,5,211,55,0,1,236,7181.0,4211.0,2970.0
EDE1,260914,2026-09-14,2026-11-11,24,1) 0 a 30 dias,,1) MENOR A $5.000,20,87446.35,87446.35,36,9,27,8,1,1,26,0,1,1,7,8,0,0,19,362.0,113.0,249.0
EDE1,260914,2026-09-14,2026-11-11,24,1) 0 a 30 dias,,2) $5.001 a $10.000,22,145236.13,145236.13,44,5,39,13,0,1,30,0,0,1,4,13,0,0,26,400.0,67.0,333.0
EDE1,260914,2026-09-14,2026-11-11,24,1) 0 a 30 dias,,3) $10.001 a $20.000,56,873301.36,873301.36,114,22,92,17,2,1,94,0,2,1,19,17,0,0,75,1279.0,305.0,974.0
EDE1,260914,2026-09-14,2026-11-11,24,1) 0 a 30 dias,,4) $20.001 a $35.000,76,2161623.15,2161623.15,159,34,125,29,0,4,126,0,0,4,30,29,0,0,96,1718.0,475.0,1243.0
EDE1,260914,2026-09-14,2026-11-11,24,1) 0 a 30 dias,,5) $35.001 a $50.000,75,3214818.4,3214818.4,139,35,104,36,8,0,95,0,7,0,28,36,1,0,67,1323.0,454.0,869.0
EDE1,260914,2026-09-14,2026-11-11,24,1) 0 a 30 dias,,6) $50.001 a $100.000,185,13228299.32,13228299.32,366,78,288,52,11,7,296,0,11,7,60,52,0,0,236,4000.0,931.0,3069.0
EDE1,260914,2026-09-14,2026-11-11,24,1) 0 a 30 dias,,7) $100.001 a $500.000,476,115302335.07,115302335.07,960,228,732,148,19,22,771,0,15,19,194,148,4,3,577,10507.0,3109.0,7398.0
EDE1,260914,2026-09-14,2026-11-11,24,1) 0 a 30 dias,,8) >$500.000,343,366316721.17,366316721.17,663,191,472,76,14,8,565,0,10,6,175,76,4,2,390,7667.0,2768.0,4899.0
EDE1,260921,2026-09-21,2026-11-18,17,1) 0 a 30 dias,,1) MENOR A $5.000,22,97485.32,97485.32,48,11,37,10,9,1,28,0,3,1,7,10,6,0,21,401.0,112.0,289.0
EDE1,260921,2026-09-21,2026-11-18,17,1) 0 a 30 dias,,2) $5.001 a $10.000,26,204587.39,204587.39,54,12,42,15,11,1,27,0,3,1,8,15,8,0,19,386.0,114.0,272.0
EDE1,260921,2026-09-21,2026-11-18,17,1) 0 a 30 dias,,3) $10.001 a $20.000,63,1010431.73,1010431.73,153,32,121,28,33,2,90,0,9,2,21,28,24,0,69,1286.0,329.0,957.0
EDE1,260921,2026-09-21,2026-11-18,17,1) 0 a 30 dias,,4) $20.001 a $35.000,115,3137582.48,3137582.48,301,60,241,41,80,1,179,0,18,1,41,41,62,0,138,2592.0,616.0,1976.0
EDE1,260921,2026-09-21,2026-11-18,17,1) 0 a 30 dias,,5) $35.001 a $50.000,109,4631336.45,4631336.45,288,48,240,55,69,6,158,0,13,6,29,55,56,0,129,2303.0,461.0,1842.0
EDE1,260921,2026-09-21,2026-11-18,17,1) 0 a 30 dias,,6) $50.001 a $100.000,307,22133608.02,22133608.02,843,168,675,149,205,12,477,0,44,12,112,149,161,0,365,6903.0,1692.0,5211.0
EDE1,260921,2026-09-21,2026-11-18,17,1) 0 a 30 dias,,7) $100.001 a $500.000,721,177615829.41,177615829.41,1814,400,1414,309,374,23,1108,0,80,19,301,309,294,4,807,15514.0,4341.0,11173.0
EDE1,260921,2026-09-21,2026-11-18,17,1) 0 a 30 dias,,8) >$500.000,428,430451175.47,430451175.47,1068,315,753,130,173,24,741,0,37,23,255,130,136,1,486,10119.0,3660.0,6459.0
EDE1,260928,2026-09-28,2026-11-25,10,1) 0 a 30 dias,,1) MENOR A $5.000,19,83990.67,83990.67,47,13,34,8,7,1,31,0,3,1,9,8,4,0,22,308.0,93.0,215.0
EDE1,260928,2026-09-28,2026-11-25,10,1) 0 a 30 dias,,2) $5.001 a $10.000,33,228263.84,228263.84,97,17,80,13,33,2,49,0,6,2,9,13,27,0,40,570.0,111.0,459.0
EDE1,260928,2026-09-28,2026-11-25,10,1) 0 a 30 dias,,3) $10.001 a $20.000,112,1688192.04,1688192.04,252,46,206,50,44,3,155,0,16,3,27,50,28,0,128,1612.0,316.0,1296.0
EDE1,260928,2026-09-28,2026-11-25,10,1) 0 a 30 dias,,4) $20.001 a $35.000,159,4336239.88,4336239.88,357,83,274,45,75,7,230,0,22,5,56,45,53,2,174,2403.0,605.0,1798.0
EDE1,260928,2026-09-28,2026-11-25,10,1) 0 a 30 dias,,5) $35.001 a $50.000,200,8541373.25,8541373.25,533,94,439,79,138,6,310,0,27,6,61,79,111,0,249,3342.0,672.0,2670.0
EDE1,260928,2026-09-28,2026-11-25,10,1) 0 a 30 dias,,6) $50.001 a $100.000,438,31979347.86,31979347.86,1156,216,940,214,215,19,708,0,50,19,147,214,165,0,561,7317.0,1595.0,5722.0
EDE1,260928,2026-09-28,2026-11-25,10,1) 0 a 30 dias,,7) $100.001 a $500.000,961,223145034.23,223145034.23,2568,565,2003,418,481,45,1624,0,121,37,407,418,360,8,1217,16652.0,4261.0,12391.0
EDE1,260928,2026-09-28,2026-11-25,10,1) 0 a 30 dias,,8) >$500.000,486,500417352.96,500417352.96,1224,291,933,185,214,24,801,0,59,16,216,185,155,8,585,7952.0,2209.0,5743.0
EDE1,261005,2026-10-05,2026-12-02,3,1) 0 a 30 dias,,1) MENOR A $5.000,23,101867.57,101867.57,48,8,40,8,1,39,0,0,1,7,0,8,0,32,0,159.0,31.0,128.0
EDE1,261005,2026-10-05,2026-12-02,3,1) 0 a 30 dias,,2) $5.001 a $10.000,73,526795.68,526795.68,192,37,155,33,2,157,0,0,2,35,0,33,0,122,0,634.0,146.0,488.0
EDE1,261005,2026-10-05,2026-12-02,3,1) 0 a 30 dias,,3) $10.001 a $20.000,151,2335063.47,2335063.47,391,63,328,54,3,334,0,0,3,60,0,54,0,274,0,1345.0,249.0,1096.0
EDE1,261005,2026-10-05,2026-12-02,3,1) 0 a 30 dias,,4) $20.001 a $35.000,328,9210590.74,9210590.74,814,179,635,141,6,667,0,0,5,174,0,141,1,493,0,2686.0,711.0,1975.0
EDE1,261005,2026-10-05,2026-12-02,3,1) 0 a 30 dias,,5) $35.001 a $50.000,317,13476722.38,13476722.38,877,169,708,149,5,723,0,0,4,165,0,149,1,558,0,2906.0,672.0,2234.0
EDE1,261005,2026-10-05,2026-12-02,3,1) 0 a 30 dias,,6) $50.001 a $100.000,793,57970779.88,57970779.88,2045,428,1617,361,31,1653,0,0,21,407,0,361,10,1246,0,6699.0,1689.0,5010.0
EDE1,261005,2026-10-05,2026-12-02,3,1) 0 a 30 dias,,7) $100.001 a $500.000,1663,383163820.29,383163820.29,4471,962,3509,740,83,3648,0,0,63,899,0,740,20,2749,0,14816.0,3774.0,11042.0
EDE1,261005,2026-10-05,2026-12-02,3,1) 0 a 30 dias,,8) >$500.000,438,703289237.69,703289237.69,1136,243,893,164,23,949,0,0,18,225,0,164,5,724,0,3856.0,950.0,2906.0
EDE2,260817,2026-08-17,2026-10-16,52,2) 31 a 60 dias,,6) $50.001 a $100.000,1,76564.15,76564.15,4,0,4,4,0,0,0,0,0,0,0,4,0,0,0,0.0,0.0,0.0
EDE2,260817,2026-08-17,2026-10-16,52,2) 31 a 60 dias,,7) $100.001 a $500.000,1,150082.43,150082.43,2,0,2,2,0,0,0,0,0,0,0,2,0,0,0,0.0,0.0,0.0
EDE2,260817,2026-08-17,2026-10-16,52,2) 31 a 60 dias,,8) >$500.000,36,782301064.57,782301064.57,111,0,111,111,0,0,0,0,0,0,0,111,0,0,0,0.0,0.0,0.0
EDE2,260824,2026-08-24,2026-10-23,45,2) 31 a 60 dias,,8) >$500.000,5,23062216.13,23062216.13,14,0,14,14,0,0,0,0,0,0,0,14,0,0,0,0.0,0.0,0.0
EDE2,260907,2026-09-07,2026-11-06,31,2) 31 a 60 dias,,8) >$500.000,2,7792117.35,7792117.35,8,0,8,8,0,0,0,0,0,0,0,8,0,0,0,0.0,0.0,0.0
EDE2,260914,2026-09-14,2026-11-13,24,1) 0 a 30 dias,,8) >$500.000,1,7804191.87,7804191.87,5,0,5,5,0,0,0,0,0,0,0,5,0,0,0,0.0,0.0,0.0
EDE2,260921,2026-09-21,2026-11-20,17,1) 0 a 30 dias,,5) $35.001 a $50.000,2,91288.34,91288.34,1,0,1,1,0,0,0,0,0,0,0,1,0,0,0,0.0,0.0,0.0
EDE2,260921,2026-09-21,2026-11-20,17,1) 0 a 30 dias,,7) $100.001 a $500.000,1,202509.59,202509.59,1,0,1,1,0,0,0,0,0,0,0,1,0,0,0,0.0,0.0,0.0
EDE2,260928,2026-09-28,2026-11-27,10,1) 0 a 30 dias,,6) $50.001 a $100.000,1,88424.92,88424.92,3,0,3,3,0,0,0,0,0,0,0,3,0,0,0,0.0,0.0,0.0
EDE2,260928,2026-09-28,2026-11-27,10,1) 0 a 30 dias,,8) >$500.000,2,60608361.34,60608361.34,6,0,6,6,0,0,0,0,0,0,0,6,0,0,0,0.0,0.0,0.0
EDE2,261005,2026-10-05,2026-12-04,3,1) 0 a 30 dias,,4) $20.001 a $35.000,1,23181.91,23181.91,0,0,0,0,0,0,0,0,0,0,0,0,0,0,0,0.0,0.0,0.0
EDE2,261005,2026-10-05,2026-12-04,3,1) 0 a 30 dias,,8) >$500.000,2,9232819.88,9232819.88,7,0,7,7,0,0,0,0,0,0,0,7,0,0,0,0.0,0.0,0.0
MEL0,260901,2026-09-01,2026-10-31,37,2) 31 a 60 dias,1,1) MENOR A $5.000,5,16169.58,16169.58,5,1,4,3,1,0,1,0,1,0,0,3,0,0,1,10.0,3.0,7.0
MEL0,260901,2026-09-01,2026-10-31,37,2) 31 a 60 dias,1,2) $5.001 a $10.000,11,88282.27,88282.27,16,3,13,8,0,4,4,0,0,1,2,8,0,3,2,58.0,27.0,31.0
MEL0,260901,2026-09-01,2026-10-31,37,2) 31 a 60 dias,1,3) $10.001 a $20.000,146,2526718.51,2526718.51,222,29,193,126,2,33,61,0,1,13,15,126,1,20,46,677.0,215.0,462.0
MEL0,260901,2026-09-01,2026-10-31,37,2) 31 a 60 dias,1,4) $20.001 a $35.000,644,15337417.17,15337417.17,976,81,895,597,1,143,235,0,1,42,38,597,0,101,197,2640.0,584.0,2056.0
MEL0,260901,2026-09-01,2026-10-31,37,2) 31 a 60 dias,1,5) $35.001 a $50.000,88,3567124.49,3567124.49,142,13,129,80,3,34,25,0,0,11,2,80,3,23,23,367.0,74.0,293.0
MEL0,260901,2026-09-01,2026-10-31,37,2) 31 a 60 dias,1,6) $50.001 a $100.000,67,4254401.32,4254401.32,95,10,85,54,0,15,26,0,0,4,6,54,0,11,20,291.0,74.0,217.0
MEL0,260901,2026-09-01,2026-10-31,37,2) 31 a 60 dias,2,1) MENOR A $5.000,11,28927.65,28927.65,15,7,8,2,0,0,13,0,0,0,7,2,0,0,6,151.0,106.0,45.0
MEL0,260901,2026-09-01,2026-10-31,37,2) 31 a 60 dias,2,2) $5.001 a $10.000,9,67133.2,67133.2,14,5,9,2,0,2,10,0,0,2,3,2,0,0,7,107.0,53.0,54.0
MEL0,260901,2026-09-01,2026-10-31,37,2) 31 a 60 dias,2,3) $10.001 a $20.000,216,3691663.36,3691663.36,343,89,254,58,2,39,244,0,1,15,73,58,1,24,171,2787.0,1314.0,1473.0
MEL0,260901,2026-09-01,2026-10-31,37,2) 31 a 60 dias,2,4) $20.001 a $35.000,604,13703003.61,13703003.61,1006,238,768,177,7,110,712,0,1,31,206,177,6,79,506,8288.0,3808.0,4480.0
MEL0,260901,2026-09-01,2026-10-31,37,2) 31 a 60 dias,2,5) $35.001 a $50.000,42,1695948.51,1695948.51,63,14,49,12,2,5,44,0,0,2,12,12,2,3,32,528.0,243.0,285.0
MEL0,260901,2026-09-01,2026-10-31,37,2) 31 a 60 dias,2,6) $50.001 a $100.000,49,2834510.54,2834510.54,78,19,59,12,0,7,59,0,0,1,18,12,0,6,41,691.0,321.0,370.0
MEL0,260901,2026-09-01,2026-10-31,37,2) 31 a 60 dias,3,2) $5.001 a $10.000,1,6575.31,6575.31,1,0,1,0,1,0,0,0,0,0,0,0,1,0,0,2.0,0.0,2.0
MEL0,260901,2026-09-01,2026-10-31,37,2) 31 a 60 dias,3,3) $10.001 a $20.000,14,235736.26,235736.26,20,2,18,5,0,9,6,0,0,1,1,5,0,8,5,115.0,27.0,88.0
MEL0,260901,2026-09-01,2026-10-31,37,2) 31 a 60 dias,3,4) $20.001 a $35.000,137,3917932.53,3917932.53,214,26,188,57,0,89,68,0,0,9,17,57,0,80,51,1335.0,461.0,874.0
MEL0,260901,2026-09-01,2026-10-31,37,2) 31 a 60 dias,3,5) $35.001 a $50.000,184,7901621.62,7901621.62,274,38,236,72,0,123,79,0,0,16,22,72,0,107,57,1740.0,627.0,1113.0
MEL0,260901,2026-09-01,2026-10-31,37,2) 31 a 60 dias,3,6) $50.001 a $100.000,87,4772412.09,4772412.09,133,23,110,40,0,50,43,0,0,8,15,40,0,42,28,935.0,428.0,507.0
MEL0,260901,2026-09-01,2026-10-31,37,2) 31 a 60 dias,4,3) $10.001 a $20.000,4,71558.74,71558.74,7,0,7,2,1,1,3,0,0,0,0,2,1,1,3,29.0,0.0,29.0
MEL0,260901,2026-09-01,2026-10-31,37,2) 31 a 60 dias,4,4) $20.001 a $35.000,10,309006.72,309006.72,10,2,8,0,1,2,7,0,0,1,1,0,1,1,6,63.0,11.0,52.0
MEL0,260901,2026-09-01,2026-10-31,37,2) 31 a 60 dias,4,5) $35.001 a $50.000,115,5046600.2,5046600.2,177,34,143,23,27,31,96,0,4,3,27,23,23,28,69,1332.0,566.0,766.0
MEL0,260901,2026-09-01,2026-10-31,37,2) 31 a 60 dias,4,6) $50.001 a $100.000,146,8882053.47,8882053.47,229,34,195,38,30,46,115,0,1,5,28,38,29,41,87,1589.0,592.0,997.0
MEL0,260901,2026-09-01,2026-10-31,37,2) 31 a 60 dias,5,2) $5.001 a $10.000,1,6721.67,6721.67,2,0,2,0,0,0,2,0,0,0,0,0,0,0,2,14.0,0.0,14.0
MEL0,260901,2026-09-01,2026-10-31,37,2) 31 a 60 dias,5,4) $20.001 a $35.000,33,1058010.25,1058010.25,49,9,40,17,0,0,32,0,0,0,9,17,0,0,23,384.0,167.0,217.0
MEL0,260901,2026-09-01,2026-10-31,37,2) 31 a 60 dias,5,5) $35.001 a $50.000,135,5733646.31,5733646.31,188,55,133,58,0,0,130,0,0,0,55,58,0,0,75,1680.0,1062.0,618.0
MEL0,260901,2026-09-01,2026-10-31,37,2) 31 a 60 dias,5,6) $50.001 a $100.000,360,26985119.17,26985119.17,526,113,413,200,0,2,324,0,0,2,111,200,0,0,213,3902.0,2166.0,1736.0
MEL0,260901,2026-09-01,2026-10-31,37,2) 31 a 60 dias,5,7) $100.001 a $500.000,29,3039244.01,3039244.01,44,14,30,9,0,0,35,0,0,0,14,9,0,0,21,452.0,276.0,176.0
MEL0,260901,2026-09-01,2026-10-31,37,2) 31 a 60 dias,6,3) $10.001 a $20.000,1,12887.66,12887.66,1,0,1,0,0,0,1,0,0,0,0,0,0,0,1,7.0,0.0,7.0
MEL0,260901,2026-09-01,2026-10-31,37,2) 31 a 60 dias,6,4) $20.001 a $35.000,159,5301320.15,5301320.15,240,48,192,75,0,1,164,0,0,1,47,75,0,0,117,1905.0,944.0,961.0
MEL0,260901,2026-09-01,2026-10-31,37,2) 31 a 60 dias,6,5) $35.001 a $50.000,656,27801847.9,27801847.9,932,206,726,299,1,1,631,0,0,1,205,299,1,0,426,7538.0,4087.0,3451.0
MEL0,260901,2026-09-01,2026-10-31,37,2) 31 a 60 dias,6,6) $50.001 a $100.000,2745,206225125.24,206225125.24,3840,804,3036,1222,1,2,2615,0,0,2,802,1222,1,0,1813,30973.0,15956.0,15017.0
MEL0,260901,2026-09-01,2026-10-31,37,2) 31 a 60 dias,6,7) $100.001 a $500.000,1363,155932798.59,155932798.59,1932,433,1499,645,2,1,1284,0,0,1,432,645,2,0,852,16167.0,8674.0,7493.0
MEL0,260901,2026-09-01,2026-10-31,37,2) 31 a 60 dias,7,4) $20.001 a $35.000,72,2474470.9,2474470.9,100,12,88,30,0,7,63,0,0,4,8,30,0,3,55,559.0,143.0,416.0
MEL0,260901,2026-09-01,2026-10-31,37,2) 31 a 60 dias,7,5) $35.001 a $50.000,715,30230307.39,30230307.39,977,94,883,338,0,73,566,0,0,52,42,338,0,21,524,4703.0,822.0,3881.0
MEL0,260901,2026-09-01,2026-10-31,37,2) 31 a 60 dias,7,6) $50.001 a $100.000,3441,265287456.89,265287456.89,4510,391,4119,1377,3,259,2871,0,1,182,208,1377,2,77,2663,23151.0,3542.0,19609.0
MEL0,260901,2026-09-01,2026-10-31,37,2) 31 a 60 dias,7,7) $100.001 a $500.000,2482,284169773.86,284169773.86,3159,265,2894,879,2,185,2093,0,0,135,130,879,2,50,1963,16662.0,2296.0,14366.0
MEL0,260901,2026-09-01,2026-10-31,37,2) 31 a 60 dias,8,4) $20.001 a $35.000,3,104194.11,104194.11,4,1,3,0,1,1,2,0,0,1,0,0,1,0,2,23.0,6.0,17.0
MEL0,260901,2026-09-01,2026-10-31,37,2) 31 a 60 dias,8,5) $35.001 a $50.000,516,22022870.44,22022870.44,750,160,590,114,6,4,626,0,0,1,159,114,6,3,467,6699.0,3020.0,3679.0
MEL0,260901,2026-09-01,2026-10-31,37,2) 31 a 60 dias,8,6) $50.001 a $100.000,990,73510167.51,73510167.51,1449,268,1181,228,44,17,1160,0,2,4,262,228,42,13,898,12467.0,4982.0,7485.0
MEL0,260901,2026-09-01,2026-10-31,37,2) 31 a 60 dias,8,7) $100.001 a $500.000,658,75061594.02,75061594.02,862,176,686,116,22,11,713,0,4,3,169,116,18,8,544,7542.0,3237.0,4305.0
MEL0,261001,2026-10-01,2026-11-30,7,1) 0 a 30 dias,,1) MENOR A $5.000,81,929.87,929.87,122,0,122,122,0,0,0,0,0,0,0,122,0,0,0,0.0,0.0,0.0
MEL0,261001,2026-10-01,2026-11-30,7,1) 0 a 30 dias,,2) $5.001 a $10.000,9,70866.35,70866.35,10,1,9,7,3,0,0,0,1,0,0,7,2,0,0,3.0,1.0,2.0
MEL0,261001,2026-10-01,2026-11-30,7,1) 0 a 30 dias,,3) $10.001 a $20.000,62,997256.57,997256.57,91,3,88,77,14,0,0,0,3,0,0,77,11,0,0,14.0,3.0,11.0
MEL0,261001,2026-10-01,2026-11-30,7,1) 0 a 30 dias,,4) $20.001 a $35.000,103,2624226.59,2624226.59,159,0,159,124,35,0,0,0,0,0,0,124,35,0,0,38.0,0.0,38.0
MEL0,261001,2026-10-01,2026-11-30,7,1) 0 a 30 dias,,5) $35.001 a $50.000,18,721447.2,721447.2,32,1,31,27,5,0,0,0,1,0,0,27,4,0,0,7.0,2.0,5.0
MEL0,261001,2026-10-01,2026-11-30,7,1) 0 a 30 dias,,6) $50.001 a $100.000,34,2037432.6,2037432.6,44,1,43,36,8,0,0,0,1,0,0,36,7,0,0,9.0,1.0,8.0
MEL0,261001,2026-10-01,2026-11-30,7,1) 0 a 30 dias,,7) $100.001 a $500.000,2,242110.57,242110.57,2,0,2,2,0,0,0,0,0,0,0,2,0,0,0,0.0,0.0,0.0
MEL0,261001,2026-10-01,2026-11-30,7,1) 0 a 30 dias,1,1) MENOR A $5.000,22,65583.09,65583.09,31,1,30,22,9,0,0,0,1,0,0,22,8,0,0,19.0,2.0,17.0
MEL0,261001,2026-10-01,2026-11-30,7,1) 0 a 30 dias,1,2) $5.001 a $10.000,79,611385.77,611385.77,121,4,117,84,37,0,0,0,4,0,0,84,33,0,0,75.0,11.0,64.0
MEL0,261001,2026-10-01,2026-11-30,7,1) 0 a 30 dias,1,3) $10.001 a $20.000,822,13525331.86,13525331.86,1244,60,1184,868,368,8,0,0,59,1,0,868,309,7,0,780.0,123.0,657.0
MEL0,261001,2026-10-01,2026-11-30,7,1) 0 a 30 dias,1,4) $20.001 a $35.000,3983,99870960.94,99870960.94,6332,265,6067,4496,1803,33,0,0,264,1,0,4496,1539,32,0,3736.0,548.0,3188.0
MEL0,261001,2026-10-01,2026-11-30,7,1) 0 a 30 dias,1,5) $35.001 a $50.000,674,27395326.69,27395326.69,1064,52,1012,709,348,7,0,0,52,0,0,709,296,7,0,675.0,94.0,581.0
MEL0,261001,2026-10-01,2026-11-30,7,1) 0 a 30 dias,1,6) $50.001 a $100.000,772,47721572.24,47721572.24,1201,61,1140,818,371,12,0,0,59,2,0,818,312,10,0,828.0,140.0,688.0
MEL0,261001,2026-10-01,2026-11-30,7,1) 0 a 30 dias,2,3) $10.001 a $20.000,48,832567.09,832567.09,74,4,70,53,18,3,0,0,4,0,0,53,14,3,0,64.0,10.0,54.0
MEL0,261001,2026-10-01,2026-11-30,7,1) 0 a 30 dias,2,4) $20.001 a $35.000,831,24787850.65,24787850.65,1273,68,1205,921,260,92,0,0,62,6,0,921,198,86,0,1117.0,177.0,940.0
MEL0,261001,2026-10-01,2026-11-30,7,1) 0 a 30 dias,2,5) $35.001 a $50.000,3124,136722889.14,136722889.14,4870,241,4629,3435,1030,405,0,0,210,31,0,3435,820,374,0,4635.0,678.0,3957.0
MEL0,261001,2026-10-01,2026-11-30,7,1) 0 a 30 dias,2,6) $50.001 a $100.000,1715,98277926.09,98277926.09,2707,138,2569,1940,583,184,0,0,128,10,0,1940,455,174,0,2434.0,373.0,2061.0
MEL0,261001,2026-10-01,2026-11-30,7,1) 0 a 30 dias,3,3) $10.001 a $20.000,3,53441.74,53441.74,3,0,3,3,0,0,0,0,0,0,0,3,0,0,0,0.0,0.0,0.0
MEL0,261001,2026-10-01,2026-11-30,7,1) 0 a 30 dias,3,4) $20.001 a $35.000,43,1329275.72,1329275.72,58,2,56,39,14,5,0,0,2,0,0,39,12,5,0,62.0,6.0,56.0
MEL0,261001,2026-10-01,2026-11-30,7,1) 0 a 30 dias,3,5) $35.001 a $50.000,525,23463343.89,23463343.89,781,27,754,576,139,66,0,0,20,7,0,576,119,59,0,679.0,81.0,598.0
MEL0,261001,2026-10-01,2026-11-30,7,1) 0 a 30 dias,3,6) $50.001 a $100.000,793,48004856.51,48004856.51,1138,55,1083,817,237,84,0,0,47,8,0,817,190,76,0,1027.0,154.0,873.0
MEL0,261001,2026-10-01,2026-11-30,7,1) 0 a 30 dias,3,7) $100.001 a $500.000,1,118930.24,118930.24,3,1,2,2,1,0,0,0,1,0,0,2,0,0,0,1.0,1.0,0.0
MEL0,261001,2026-10-01,2026-11-30,7,1) 0 a 30 dias,4,4) $20.001 a $35.000,101,3254103.92,3254103.92,145,17,128,41,103,1,0,0,17,0,0,41,86,1,0,244.0,35.0,209.0
MEL0,261001,2026-10-01,2026-11-30,7,1) 0 a 30 dias,4,5) $35.001 a $50.000,318,13533245.13,13533245.13,440,38,402,144,290,6,0,0,37,1,0,144,253,5,0,698.0,82.0,616.0
MEL0,261001,2026-10-01,2026-11-30,7,1) 0 a 30 dias,4,6) $50.001 a $100.000,1030,79153045.63,79153045.63,1529,84,1445,548,944,37,0,0,81,3,0,548,863,34,0,2370.0,191.0,2179.0
MEL0,261001,2026-10-01,2026-11-30,7,1) 0 a 30 dias,4,7) $100.001 a $500.000,300,32524070.15,32524070.15,452,24,428,151,294,7,0,0,24,0,0,151,270,7,0,713.0,52.0,661.0
MEL0,261001,2026-10-01,2026-11-30,7,1) 0 a 30 dias,5,3) $10.001 a $20.000,2,31861.13,31861.13,3,0,3,2,1,0,0,0,0,0,0,2,1,0,0,2.0,0.0,2.0
MEL0,261001,2026-10-01,2026-11-30,7,1) 0 a 30 dias,5,4) $20.001 a $35.000,104,3398462.23,3398462.23,145,11,134,31,108,6,0,0,11,0,0,31,97,6,0,275.0,24.0,251.0
MEL0,261001,2026-10-01,2026-11-30,7,1) 0 a 30 dias,5,5) $35.001 a $50.000,341,14646796.48,14646796.48,500,40,460,187,308,5,0,0,40,0,0,187,268,5,0,726.0,89.0,637.0
MEL0,261001,2026-10-01,2026-11-30,7,1) 0 a 30 dias,5,6) $50.001 a $100.000,1493,114564091.35,114564091.35,2152,158,1994,728,1403,21,0,0,157,1,0,728,1246,20,0,3322.0,358.0,2964.0
MEL0,261001,2026-10-01,2026-11-30,7,1) 0 a 30 dias,5,7) $100.001 a $500.000,1379,166936915.34,166936915.34,2077,146,1931,707,1340,30,0,0,145,1,0,707,1195,29,0,3226.0,333.0,2893.0
MEL0,261001,2026-10-01,2026-11-30,7,1) 0 a 30 dias,6,3) $10.001 a $20.000,2,32837.35,32837.35,2,0,2,0,2,0,0,0,0,0,0,0,2,0,0,4.0,0.0,4.0
MEL0,261001,2026-10-01,2026-11-30,7,1) 0 a 30 dias,6,4) $20.001 a $35.000,278,9306433.33,9306433.33,384,26,358,121,258,5,0,0,25,1,0,121,233,4,0,605.0,60.0,545.0
MEL0,261001,2026-10-01,2026-11-30,7,1) 0 a 30 dias,6,5) $35.001 a $50.000,1555,66636149.45,66636149.45,2201,133,2068,760,1399,42,0,0,132,1,0,760,1267,41,0,3437.0,303.0,3134.0
MEL0,261001,2026-10-01,2026-11-30,7,1) 0 a 30 dias,6,6) $50.001 a $100.000,6924,522393798.35,522393798.35,9494,567,8927,3063,6283,148,0,0,565,2,0,3063,5718,146,0,15135.0,1280.0,13855.0
MEL0,261001,2026-10-01,2026-11-30,7,1) 0 a 30 dias,6,7) $100.001 a $500.000,12486,1788591002.82,1788591002.82,17743,1085,16658,6060,11395,288,0,0,1063,22,0,6060,10332,266,0,27625.0,2478.0,25147.0
MEL0,261001,2026-10-01,2026-11-30,7,1) 0 a 30 dias,6,8) >$500.000,3,2049894.61,2049894.61,4,0,4,1,3,0,0,0,0,0,0,1,3,0,0,3.0,0.0,3.0
MEL0,261001,2026-10-01,2026-11-30,7,1) 0 a 30 dias,7,4) $20.001 a $35.000,177,6106747.7,6106747.7,239,0,239,239,0,0,0,0,0,0,0,239,0,0,0,0.0,0.0,0.0
MEL0,261001,2026-10-01,2026-11-30,7,1) 0 a 30 dias,7,5) $35.001 a $50.000,2001,85802227.93,85802227.93,2726,0,2726,2726,0,0,0,0,0,0,0,2726,0,0,0,0.0,0.0,0.0
MEL0,261001,2026-10-01,2026-11-30,7,1) 0 a 30 dias,7,6) $50.001 a $100.000,10907,838922053.42,838922053.42,14237,0,14237,14237,0,0,0,0,0,0,0,14237,0,0,0,0.0,0.0,0.0
MEL0,261001,2026-10-01,2026-11-30,7,1) 0 a 30 dias,7,7) $100.001 a $500.000,21091,2922980068.69,2922980068.69,27099,1,27098,27093,6,0,0,0,1,0,0,27093,5,0,0,6.0,1.0,5.0
MEL0,261001,2026-10-01,2026-11-30,7,1) 0 a 30 dias,7,8) >$500.000,5,4133376.79,4133376.79,8,0,8,4,4,0,0,0,0,0,0,4,4,0,0,4.0,0.0,4.0
MEL0,261001,2026-10-01,2026-11-30,7,1) 0 a 30 dias,8,5) $35.001 a $50.000,1579,68604994.95,68604994.95,2239,108,2131,623,1274,342,0,0,78,30,0,623,1196,312,0,5184.0,354.0,4830.0
MEL0,261001,2026-10-01,2026-11-30,7,1) 0 a 30 dias,8,6) $50.001 a $100.000,3261,241948912.42,241948912.42,4554,245,4309,1376,2506,672,0,0,186,59,0,1376,2320,613,0,10205.0,794.0,9411.0
MEL0,261001,2026-10-01,2026-11-30,7,1) 0 a 30 dias,8,7) $100.001 a $500.000,2604,302513063.88,302513063.88,3427,187,3240,1037,1909,481,0,0,138,49,0,1037,1771,432,0,7644.0,609.0,7035.0
MEL0,261001,2026-10-01,2026-11-30,7,1) 0 a 30 dias,8,8) >$500.000,10,9255341.27,9255341.27,18,2,16,2,16,0,0,0,2,0,0,2,14,0,0,25.0,3.0,22.0
OEST,84,2023-01-04,2027-01-03,1373,6) Mayor a 360 dias,,1) MENOR A $5.000,1018,886734.52,886734.52,2145,692,1453,78,243,975,849,0,11,24,657,78,232,951,192,50560.0,41995.0,8565.0
OEST,84,2023-01-04,2027-01-03,1373,6) Mayor a 360 dias,,2) $5.001 a $10.000,35,216114.95,216114.95,76,28,48,1,13,19,43,0,1,1,26,1,12,18,17,2826.0,2468.0,358.0
OEST,84,2023-01-04,2027-01-03,1373,6) Mayor a 360 dias,,3) $10.001 a $20.000,8,111335.79,111335.79,18,9,9,0,4,3,11,0,0,1,8,0,4,2,3,779.0,738.0,41.0
OEST,84,2023-01-04,2027-01-03,1373,6) Mayor a 360 dias,,7) $100.001 a $500.000,1,212458.63,212458.63,13,5,8,1,1,4,7,0,1,0,4,1,0,4,3,285.0,233.0,52.0
OEST,86,2023-02-03,2027-02-02,1343,6) Mayor a 360 dias,,1) MENOR A $5.000,695,693323.7,693323.7,1239,418,821,68,199,536,436,0,7,17,394,68,192,519,42,28739.0,24961.0,3778.0
OEST,86,2023-02-03,2027-02-02,1343,6) Mayor a 360 dias,,2) $5.001 a $10.000,28,182795.1,182795.1,47,26,21,0,8,15,24,0,0,2,24,0,8,13,0,2206.0,2117.0,89.0
OEST,86,2023-02-03,2027-02-02,1343,6) Mayor a 360 dias,,3) $10.001 a $20.000,7,86682.51,86682.51,15,7,8,0,2,5,8,0,0,0,7,0,2,5,1,591.0,555.0,36.0
OEST,87,2023-02-03,2027-02-02,1343,6) Mayor a 360 dias,,1) MENOR A $5.000,263,251562.3,251562.3,479,184,295,4,51,226,198,0,3,6,175,4,48,220,23,13652.0,11922.0,1730.0
OEST,87,2023-02-03,2027-02-02,1343,6) Mayor a 360 dias,,2) $5.001 a $10.000,9,56889.13,56889.13,18,11,7,0,0,4,14,0,0,0,11,0,0,4,3,1278.0,1202.0,76.0
OEST,87,2023-02-03,2027-02-02,1343,6) Mayor a 360 dias,,3) $10.001 a $20.000,1,15313.41,15313.41,1,0,1,0,0,1,0,0,0,0,0,0,0,1,0,6.0,0.0,6.0
OEST,88,2023-03-03,2027-03-02,1315,6) Mayor a 360 dias,,1) MENOR A $5.000,276,381215.43,381215.43,419,132,287,4,80,195,140,0,5,2,125,4,75,193,15,11036.0,9431.0,1605.0
OEST,88,2023-03-03,2027-03-02,1315,6) Mayor a 360 dias,,2) $5.001 a $10.000,27,189634.75,189634.75,104,31,73,0,56,18,30,0,2,2,27,0,54,16,3,2560.0,2374.0,186.0
OEST,88,2023-03-03,2027-03-02,1315,6) Mayor a 360 dias,,3) $10.001 a $20.000,7,87276.88,87276.88,9,5,4,0,0,4,5,0,0,0,5,0,0,4,0,422.0,398.0,24.0
OEST,88,2023-03-03,2027-03-02,1315,6) Mayor a 360 dias,,4) $20.001 a $35.000,1,33850.5,33850.5,4,0,4,1,2,1,0,0,0,0,0,1,2,1,0,10.0,0.0,10.0
OEST,89,2023-03-03,2027-03-02,1315,6) Mayor a 360 dias,,1) MENOR A $5.000,182,213255.58,213255.58,343,140,203,0,55,132,156,0,2,1,137,0,53,131,19,11873.0,10369.0,1504.0
OEST,89,2023-03-03,2027-03-02,1315,6) Mayor a 360 dias,,2) $5.001 a $10.000,13,102008.73,102008.73,20,7,13,0,0,12,8,0,0,0,7,0,0,12,1,900.0,781.0,119.0
OEST,89,2023-03-03,2027-03-02,1315,6) Mayor a 360 dias,,3) $10.001 a $20.000,4,52875.63,52875.63,10,6,4,0,2,2,6,0,1,1,4,0,1,1,2,605.0,440.0,165.0
OEST,89,2023-03-03,2027-03-02,1315,6) Mayor a 360 dias,,4) $20.001 a $35.000,5,129147.17,129147.17,13,5,8,0,1,6,6,0,0,0,5,0,1,6,1,714.0,592.0,122.0
OEST,89,2023-03-03,2027-03-02,1315,6) Mayor a 360 dias,,5) $35.001 a $50.000,1,42454.45,42454.45,1,0,1,0,0,1,0,0,0,0,0,0,0,1,0,6.0,0.0,6.0
OEST,90,2023-04-04,2027-04-03,1283,6) Mayor a 360 dias,,1) MENOR A $5.000,399,432939.89,432939.89,716,237,479,65,114,150,387,0,5,3,229,65,109,147,158,18431.0,16103.0,2328.0
OEST,90,2023-04-04,2027-04-03,1283,6) Mayor a 360 dias,,2) $5.001 a $10.000,24,162179.51,162179.51,52,19,33,1,9,6,36,0,2,0,17,1,7,6,19,1990.0,1799.0,191.0
OEST,90,2023-04-04,2027-04-03,1283,6) Mayor a 360 dias,,3) $10.001 a $20.000,7,95706.57,95706.57,10,5,5,0,0,1,9,0,0,1,4,0,0,0,5,464.0,427.0,37.0
OEST,90,2023-04-04,2027-04-03,1283,6) Mayor a 360 dias,,4) $20.001 a $35.000,5,128954.27,128954.27,6,4,2,0,0,0,6,0,0,0,4,0,0,0,2,400.0,385.0,15.0
OEST,90,2023-04-04,2027-04-03,1283,6) Mayor a 360 dias,,5) $35.001 a $50.000,1,43822.35,43822.35,1,0,1,0,0,0,1,0,0,0,0,0,0,0,1,8.0,0.0,8.0
OEST,91,2023-04-04,2027-04-03,1283,6) Mayor a 360 dias,,1) MENOR A $5.000,227,224460.39,224460.39,437,166,271,1,41,124,271,0,1,0,165,1,40,124,106,14336.0,12078.0,2258.0
OEST,91,2023-04-04,2027-04-03,1283,6) Mayor a 360 dias,,2) $5.001 a $10.000,6,38072.87,38072.87,9,5,4,0,0,1,8,0,0,0,5,0,0,1,3,644.0,533.0,111.0
OEST,91,2023-04-04,2027-04-03,1283,6) Mayor a 360 dias,,3) $10.001 a $20.000,4,48514.99,48514.99,8,4,4,1,0,1,6,0,0,0,4,1,0,1,2,457.0,435.0,22.0
OEST,92,2023-05-03,2027-05-02,1254,6) Mayor a 360 dias,,1) MENOR A $5.000,385,430410.82,430410.82,643,272,371,1,79,4,559,0,1,2,269,1,78,2,290,29252.0,22752.0,6500.0
OEST,92,2023-05-03,2027-05-02,1254,6) Mayor a 360 dias,,2) $5.001 a $10.000,26,173798.97,173798.97,36,16,20,0,2,0,34,0,0,0,16,0,2,0,18,2322.0,1836.0,486.0
OEST,92,2023-05-03,2027-05-02,1254,6) Mayor a 360 dias,,3) $10.001 a $20.000,5,63868.62,63868.62,5,3,2,0,0,0,5,0,0,0,3,0,0,0,2,442.0,374.0,68.0
OEST,92,2023-05-03,2027-05-02,1254,6) Mayor a 360 dias,,4) $20.001 a $35.000,1,31516.99,31516.99,1,0,1,0,0,0,1,0,0,0,0,0,0,0,1,22.0,0.0,22.0
OEST,92,2023-05-03,2027-05-02,1254,6) Mayor a 360 dias,,5) $35.001 a $50.000,1,42729.21,42729.21,1,1,0,0,0,0,1,0,0,0,1,0,0,0,0,135.0,135.0,0.0
OEST,93,2023-05-03,2027-05-02,1254,6) Mayor a 360 dias,,1) MENOR A $5.000,203,196717.97,196717.97,1242,254,988,715,132,9,386,0,12,2,240,715,120,7,146,18976.0,15457.0,3519.0
OEST,93,2023-05-03,2027-05-02,1254,6) Mayor a 360 dias,,2) $5.001 a $10.000,11,70442.03,70442.03,30,12,18,0,9,0,21,0,0,0,12,0,9,0,9,1578.0,1374.0,204.0
OEST,93,2023-05-03,2027-05-02,1254,6) Mayor a 360 dias,,3) $10.001 a $20.000,1,10353.2,10353.2,1,0,1,0,0,0,1,0,0,0,0,0,0,0,1,22.0,0.0,22.0
OEST,94,2023-06-02,2027-06-01,1224,6) Mayor a 360 dias,,1) MENOR A $5.000,457,482837.33,482837.33,746,290,456,2,15,2,727,0,0,0,290,2,15,2,437,30399.0,22480.0,7919.0
OEST,94,2023-06-02,2027-06-01,1224,6) Mayor a 360 dias,,2) $5.001 a $10.000,28,193408.22,193408.22,57,24,33,1,2,1,53,0,0,0,24,1,2,1,29,3059.0,2546.0,513.0
OEST,94,2023-06-02,2027-06-01,1224,6) Mayor a 360 dias,,3) $10.001 a $20.000,6,69725.87,69725.87,7,3,4,0,0,0,7,0,0,0,3,0,0,0,4,426.0,350.0,76.0
OEST,94,2023-06-02,2027-06-01,1224,6) Mayor a 360 dias,,5) $35.001 a $50.000,1,46358.5,46358.5,3,2,1,0,1,0,2,0,0,0,2,0,1,0,0,172.0,170.0,2.0
OEST,94,2023-06-02,2027-06-01,1224,6) Mayor a 360 dias,,6) $50.001 a $100.000,1,92844.48,92844.48,4,2,2,0,0,0,4,0,0,0,2,0,0,0,2,218.0,180.0,38.0
OEST,95,2023-06-02,2027-06-01,1224,6) Mayor a 360 dias,,1) MENOR A $5.000,206,184424.27,184424.27,417,190,227,22,10,1,384,0,1,0,189,22,9,1,195,18438.0,14704.0,3734.0
OEST,95,2023-06-02,2027-06-01,1224,6) Mayor a 360 dias,,2) $5.001 a $10.000,8,50367.1,50367.1,14,6,8,0,0,0,14,0,0,0,6,0,0,0,8,787.0,656.0,131.0
OEST,95,2023-06-02,2027-06-01,1224,6) Mayor a 360 dias,,3) $10.001 a $20.000,3,42552.62,42552.62,4,1,3,0,0,0,4,0,0,0,1,0,0,0,3,179.0,129.0,50.0
OEST,95,2023-06-02,2027-06-01,1224,6) Mayor a 360 dias,,4) $20.001 a $35.000,1,32496.0,32496.0,1,0,1,0,0,0,1,0,0,0,0,0,0,0,1,58.0,0.0,58.0
OEST,96,2023-07-05,2027-07-04,1191,6) Mayor a 360 dias,,1) MENOR A $5.000,440,466211.32,466211.32,756,316,440,17,27,10,702,0,3,0,313,17,24,10,389,29624.0,23299.0,6325.0
OEST,96,2023-07-05,2027-07-04,1191,6) Mayor a 360 dias,,2) $5.001 a $10.000,27,186079.92,186079.92,46,26,20,1,2,0,43,0,0,0,26,1,2,0,17,3108.0,2811.0,297.0
OEST,96,2023-07-05,2027-07-04,1191,6) Mayor a 360 dias,,3) $10.001 a $20.000,4,53988.23,53988.23,16,3,13,0,3,0,13,0,0,0,3,0,3,0,10,499.0,341.0,158.0
OEST,97,2023-07-05,2027-07-04,1191,6) Mayor a 360 dias,,1) MENOR A $5.000,184,166679.12,166679.12,321,153,168,1,8,5,307,0,0,0,153,1,8,5,154,14604.0,11696.0,2908.0
OEST,97,2023-07-05,2027-07-04,1191,6) Mayor a 360 dias,,2) $5.001 a $10.000,6,42204.17,42204.17,16,11,5,0,0,0,16,0,0,0,11,0,0,0,5,1294.0,1220.0,74.0
OEST,97,2023-07-05,2027-07-04,1191,6) Mayor a 360 dias,,3) $10.001 a $20.000,2,24348.39,24348.39,3,0,3,0,0,0,3,0,0,0,0,0,0,0,3,65.0,0.0,65.0
OEST,98,2023-08-03,2027-08-02,1162,6) Mayor a 360 dias,,1) MENOR A $5.000,387,414566.61,414566.61,650,237,413,15,27,3,605,0,0,0,237,15,27,3,368,24704.0,18980.0,5724.0
OEST,98,2023-08-03,2027-08-02,1162,6) Mayor a 360 dias,,2) $5.001 a $10.000,13,87548.53,87548.53,22,9,13,1,0,0,21,0,0,0,9,1,0,0,12,999.0,836.0,163.0
OEST,98,2023-08-03,2027-08-02,1162,6) Mayor a 360 dias,,3) $10.001 a $20.000,1,11037.15,11037.15,1,1,0,0,0,0,1,0,0,0,1,0,0,0,0,114.0,114.0,0.0
OEST,98,2023-08-03,2027-08-02,1162,6) Mayor a 360 dias,,5) $35.001 a $50.000,1,38867.0,38867.0,3,2,1,0,0,0,3,0,0,0,2,0,0,0,1,273.0,259.0,14.0
OEST,98,2023-08-03,2027-08-02,1162,6) Mayor a 360 dias,,7) $100.001 a $500.000,1,114094.79,114094.79,1,1,0,0,0,0,1,0,0,0,1,0,0,0,0,132.0,132.0,0.0
OEST,99,2023-08-03,2027-08-02,1162,6) Mayor a 360 dias,,1) MENOR A $5.000,245,212628.54,212628.54,463,216,247,6,5,3,449,0,1,0,215,6,4,3,234,19776.0,16045.0,3731.0
OEST,99,2023-08-03,2027-08-02,1162,6) Mayor a 360 dias,,2) $5.001 a $10.000,7,40484.35,40484.35,18,12,6,0,2,0,16,0,0,0,12,0,2,0,4,1228.0,1171.0,57.0
OEST,99,2023-08-03,2027-08-02,1162,6) Mayor a 360 dias,,3) $10.001 a $20.000,1,17348.45,17348.45,4,1,3,0,0,0,4,0,0,0,1,0,0,0,3,253.0,112.0,141.0
OEST,99,2023-08-03,2027-08-02,1162,6) Mayor a 360 dias,,6) $50.001 a $100.000,1,60554.93,60554.93,0,0,0,0,0,0,0,0,0,0,0,0,0,0,0,0.0,0.0,0.0
OEST,100,2023-09-05,2027-09-04,1129,6) Mayor a 360 dias,,1) MENOR A $5.000,480,523766.74,523766.74,763,278,485,13,21,1,728,0,0,0,278,13,21,1,450,29908.0,23290.0,6618.0
OEST,100,2023-09-05,2027-09-04,1129,6) Mayor a 360 dias,,2) $5.001 a $10.000,18,124794.51,124794.51,23,11,12,0,0,0,23,0,0,0,11,0,0,0,12,1367.0,1200.0,167.0
OEST,100,2023-09-05,2027-09-04,1129,6) Mayor a 360 dias,,3) $10.001 a $20.000,7,88784.39,88784.39,11,6,5,0,0,0,11,0,0,0,6,0,0,0,5,807.0,737.0,70.0
OEST,101,2023-09-05,2027-09-04,1129,6) Mayor a 360 dias,,1) MENOR A $5.000,189,145656.99,145656.99,356,164,192,2,11,0,343,0,1,0,163,2,10,0,180,15514.0,12199.0,3315.0
OEST,101,2023-09-05,2027-09-04,1129,6) Mayor a 360 dias,,2) $5.001 a $10.000,4,25894.07,25894.07,3,2,1,0,0,0,3,0,0,0,2,0,0,0,1,269.0,254.0,15.0
OEST,102,2023-10-04,2027-10-03,1100,6) Mayor a 360 dias,,1) MENOR A $5.000,472,441516.14,441516.14,819,305,514,7,32,2,778,0,1,0,304,7,31,2,474,30373.0,23515.0,6858.0
OEST,102,2023-10-04,2027-10-03,1100,6) Mayor a 360 dias,,2) $5.001 a $10.000,17,119371.82,119371.82,21,7,14,1,0,0,20,0,0,0,7,1,0,0,13,927.0,746.0,181.0
OEST,102,2023-10-04,2027-10-03,1100,6) Mayor a 360 dias,,3) $10.001 a $20.000,3,41946.0,41946.0,3,1,2,0,0,0,3,0,0,0,1,0,0,0,2,160.0,132.0,28.0
OEST,103,2023-10-04,2027-10-03,1100,6) Mayor a 360 dias,,1) MENOR A $5.000,213,204658.36,204658.36,315,155,160,2,5,0,308,0,0,0,155,2,5,0,153,15082.0,12635.0,2447.0
OEST,103,2023-10-04,2027-10-03,1100,6) Mayor a 360 dias,,2) $5.001 a $10.000,8,49778.16,49778.16,11,4,7,0,0,0,11,0,0,0,4,0,0,0,7,705.0,490.0,215.0
OEST,103,2023-10-04,2027-10-03,1100,6) Mayor a 360 dias,,4) $20.001 a $35.000,1,31763.69,31763.69,5,3,2,0,0,0,5,0,0,0,3,0,0,0,2,331.0,305.0,26.0
OEST,104,2023-11-02,2027-11-01,1071,6) Mayor a 360 dias,,1) MENOR A $5.000,467,475045.39,475045.39,816,324,492,14,20,2,780,0,1,0,323,14,19,2,457,32011.0,24700.0,7311.0
OEST,104,2023-11-02,2027-11-01,1071,6) Mayor a 360 dias,,2) $5.001 a $10.000,20,134039.78,134039.78,43,19,24,0,3,0,40,0,0,0,19,0,3,0,21,2626.0,2276.0,350.0
OEST,104,2023-11-02,2027-11-01,1071,6) Mayor a 360 dias,,3) $10.001 a $20.000,2,21198.99,21198.99,2,1,1,0,0,0,2,0,0,0,1,0,0,0,1,136.0,121.0,15.0
OEST,104,2023-11-02,2027-11-01,1071,6) Mayor a 360 dias,,4) $20.001 a $35.000,3,85953.66,85953.66,3,2,1,0,0,0,3,0,0,0,2,0,0,0,1,395.0,256.0,139.0
OEST,105,2023-11-02,2027-11-01,1071,6) Mayor a 360 dias,,1) MENOR A $5.000,185,159029.84,159029.84,619,142,477,329,14,5,271,0,2,2,138,329,12,3,133,12139.0,9777.0,2362.0
OEST,105,2023-11-02,2027-11-01,1071,6) Mayor a 360 dias,,2) $5.001 a $10.000,3,20061.88,20061.88,6,2,4,0,0,0,6,0,0,0,2,0,0,0,4,308.0,250.0,58.0
OEST,105,2023-11-02,2027-11-01,1071,6) Mayor a 360 dias,,3) $10.001 a $20.000,2,25524.04,25524.04,7,4,3,0,0,0,7,0,0,0,4,0,0,0,3,500.0,457.0,43.0
OEST,105,2023-11-02,2027-11-01,1071,6) Mayor a 360 dias,,4) $20.001 a $35.000,1,22252.32,22252.32,1,1,0,0,0,0,1,0,0,0,1,0,0,0,0,135.0,135.0,0.0
OEST,106,2023-12-05,2027-12-04,1038,6) Mayor a 360 dias,,1) MENOR A $5.000,537,565520.82,565520.82,918,365,553,19,22,0,877,0,0,0,365,19,22,0,512,37294.0,28785.0,8509.0
OEST,106,2023-12-05,2027-12-04,1038,6) Mayor a 360 dias,,2) $5.001 a $10.000,28,198700.98,198700.98,66,26,40,0,4,0,62,0,0,0,26,0,4,0,36,3502.0,2804.0,698.0
OEST,106,2023-12-05,2027-12-04,1038,6) Mayor a 360 dias,,3) $10.001 a $20.000,6,87029.06,87029.06,16,6,10,0,0,0,16,0,0,0,6,0,0,0,10,887.0,728.0,159.0
OEST,106,2023-12-05,2027-12-04,1038,6) Mayor a 360 dias,,4) $20.001 a $35.000,1,32122.87,32122.87,1,1,0,0,0,0,1,0,0,0,1,0,0,0,0,129.0,129.0,0.0
OEST,107,2023-12-05,2027-12-04,1038,6) Mayor a 360 dias,,1) MENOR A $5.000,192,173241.43,173241.43,297,119,178,2,3,0,292,0,0,0,119,2,3,0,173,12655.0,9316.0,3339.0
OEST,107,2023-12-05,2027-12-04,1038,6) Mayor a 360 dias,,2) $5.001 a $10.000,5,29993.47,29993.47,10,8,2,0,0,0,10,0,0,0,8,0,0,0,2,708.0,676.0,32.0
OEST,107,2023-12-05,2027-12-04,1038,6) Mayor a 360 dias,,3) $10.001 a $20.000,1,10286.0,10286.0,3,3,0,0,0,0,3,0,0,0,3,0,0,0,0,312.0,312.0,0.0
OEST,107,2023-12-05,2027-12-04,1038,6) Mayor a 360 dias,,4) $20.001 a $35.000,1,25143.5,25143.5,3,3,0,0,0,0,3,0,0,0,3,0,0,0,0,314.0,314.0,0.0
OEST,108,2024-01-03,2028-01-02,1009,6) Mayor a 360 dias,,1) MENOR A $5.000,387,414368.59,414368.59,608,264,344,2,16,4,586,0,0,1,263,2,16,3,323,25150.0,19769.0,5381.0
OEST,108,2024-01-03,2028-01-02,1009,6) Mayor a 360 dias,,2) $5.001 a $10.000,22,155016.54,155016.54,37,15,22,0,0,0,37,0,0,0,15,0,0,0,22,2233.0,1749.0,484.0
OEST,108,2024-01-03,2028-01-02,1009,6) Mayor a 360 dias,,3) $10.001 a $20.000,12,157568.77,157568.77,14,7,7,0,0,0,14,0,0,0,7,0,0,0,7,1105.0,867.0,238.0
OEST,108,2024-01-03,2028-01-02,1009,6) Mayor a 360 dias,,4) $20.001 a $35.000,3,70824.38,70824.38,3,2,1,0,0,0,3,0,0,0,2,0,0,0,1,270.0,251.0,19.0
OEST,109,2024-01-03,2028-01-02,1009,6) Mayor a 360 dias,,1) MENOR A $5.000,158,149312.93,149312.93,902,145,757,592,17,7,286,0,0,2,143,592,17,5,143,11649.0,9134.0,2515.0
OEST,109,2024-01-03,2028-01-02,1009,6) Mayor a 360 dias,,2) $5.001 a $10.000,5,31269.07,31269.07,7,1,6,0,0,0,7,0,0,0,1,0,0,0,6,330.0,108.0,222.0
OEST,109,2024-01-03,2028-01-02,1009,6) Mayor a 360 dias,,3) $10.001 a $20.000,1,14775.0,14775.0,2,1,1,0,0,0,2,0,0,0,1,0,0,0,1,146.0,130.0,16.0
OEST,110,2024-02-02,2028-02-01,979,6) Mayor a 360 dias,,1) MENOR A $5.000,620,693330.71,693330.71,1055,405,650,16,27,1,1011,0,1,0,404,16,26,1,607,38311.0,29404.0,8907.0
OEST,110,2024-02-02,2028-02-01,979,6) Mayor a 360 dias,,2) $5.001 a $10.000,53,373779.68,373779.68,93,38,55,0,1,0,92,0,0,0,38,0,1,0,54,5106.0,4380.0,726.0
OEST,110,2024-02-02,2028-02-01,979,6) Mayor a 360 dias,,3) $10.001 a $20.000,16,226838.56,226838.56,26,8,18,0,1,0,25,0,0,0,8,0,1,0,17,1232.0,994.0,238.0
OEST,110,2024-02-02,2028-02-01,979,6) Mayor a 360 dias,,4) $20.001 a $35.000,5,145005.54,145005.54,14,2,12,1,0,0,13,0,0,0,2,1,0,0,11,418.0,271.0,147.0
OEST,110,2024-02-02,2028-02-01,979,6) Mayor a 360 dias,,5) $35.001 a $50.000,1,36950.0,36950.0,1,1,0,0,0,0,1,0,0,0,1,0,0,0,0,132.0,132.0,0.0
OEST,110,2024-02-02,2028-02-01,979,6) Mayor a 360 dias,,6) $50.001 a $100.000,4,255390.52,255390.52,4,4,0,0,0,0,4,0,0,0,4,0,0,0,0,547.0,547.0,0.0
OEST,111,2024-02-02,2028-02-01,979,6) Mayor a 360 dias,,1) MENOR A $5.000,225,223873.11,223873.11,360,168,192,1,8,0,351,0,0,0,168,1,8,0,183,15791.0,13065.0,2726.0
OEST,111,2024-02-02,2028-02-01,979,6) Mayor a 360 dias,,2) $5.001 a $10.000,13,88207.02,88207.02,28,19,9,0,1,0,27,0,0,0,19,0,1,0,8,2265.0,2142.0,123.0
OEST,111,2024-02-02,2028-02-01,979,6) Mayor a 360 dias,,3) $10.001 a $20.000,4,55875.59,55875.59,7,2,5,0,0,0,7,0,0,0,2,0,0,0,5,319.0,251.0,68.0
OEST,111,2024-02-02,2028-02-01,979,6) Mayor a 360 dias,,4) $20.001 a $35.000,1,22677.04,22677.04,1,0,1,0,0,0,1,0,0,0,0,0,0,0,1,15.0,0.0,15.0
OEST,111,2024-02-02,2028-02-01,979,6) Mayor a 360 dias,,6) $50.001 a $100.000,1,59197.66,59197.66,3,2,1,0,0,0,3,0,0,0,2,0,0,0,1,266.0,252.0,14.0
OEST,111,2024-02-02,2028-02-01,979,6) Mayor a 360 dias,,7) $100.001 a $500.000,3,388314.9,388314.9,2,1,1,0,1,0,1,0,0,0,1,0,1,0,0,135.0,133.0,2.0
OEST,112,2024-03-05,2028-03-04,947,6) Mayor a 360 dias,,1) MENOR A $5.000,597,619341.06,619341.06,1109,312,797,207,250,10,642,0,15,1,296,207,235,9,346,27471.0,23864.0,3607.0
OEST,112,2024-03-05,2028-03-04,947,6) Mayor a 360 dias,,2) $5.001 a $10.000,37,260783.11,260783.11,63,23,40,0,0,0,63,0,0,0,23,0,0,0,40,2965.0,2610.0,355.0
OEST,112,2024-03-05,2028-03-04,947,6) Mayor a 360 dias,,3) $10.001 a $20.000,21,288784.0,288784.0,34,12,22,0,0,0,34,0,0,0,12,0,0,0,22,1640.0,1428.0,212.0
OEST,112,2024-03-05,2028-03-04,947,6) Mayor a 360 dias,,4) $20.001 a $35.000,5,130048.3,130048.3,8,4,4,0,0,0,8,0,0,0,4,0,0,0,4,557.0,521.0,36.0
OEST,113,2024-03-05,2028-03-04,947,6) Mayor a 360 dias,,1) MENOR A $5.000,220,203453.5,203453.5,384,146,238,18,100,5,261,0,7,0,139,18,93,5,122,12549.0,10708.0,1841.0
OEST,113,2024-03-05,2028-03-04,947,6) Mayor a 360 dias,,2) $5.001 a $10.000,14,94624.49,94624.49,21,8,13,0,0,0,21,0,0,0,8,0,0,0,13,1028.0,909.0,119.0
OEST,113,2024-03-05,2028-03-04,947,6) Mayor a 360 dias,,3) $10.001 a $20.000,7,90152.45,90152.45,8,5,3,0,1,0,7,0,1,0,4,0,0,0,3,519.0,491.0,28.0
OEST,113,2024-03-05,2028-03-04,947,6) Mayor a 360 dias,,4) $20.001 a $35.000,2,55363.39,55363.39,3,2,1,0,0,0,3,0,0,0,2,0,0,0,1,281.0,272.0,9.0
OEST,114,2024-04-04,2028-04-03,917,6) Mayor a 360 dias,,1) MENOR A $5.000,626,746782.1,746782.1,1096,294,802,219,147,15,715,0,12,2,280,219,135,13,435,29286.0,24934.0,4352.0
OEST,114,2024-04-04,2028-04-03,917,6) Mayor a 360 dias,,2) $5.001 a $10.000,54,374912.59,374912.59,81,34,47,0,2,0,79,0,0,0,34,0,2,0,45,4745.0,4232.0,513.0
OEST,114,2024-04-04,2028-04-03,917,6) Mayor a 360 dias,,3) $10.001 a $20.000,26,376602.37,376602.37,53,24,29,0,1,1,51,0,0,0,24,0,1,1,27,2838.0,2598.0,240.0
OEST,114,2024-04-04,2028-04-03,917,6) Mayor a 360 dias,,4) $20.001 a $35.000,6,145297.85,145297.85,9,1,8,0,0,0,9,0,0,0,1,0,0,0,8,463.0,135.0,328.0
OEST,114,2024-04-04,2028-04-03,917,6) Mayor a 360 dias,,5) $35.001 a $50.000,1,38323.71,38323.71,1,0,1,0,0,0,1,0,0,0,0,0,0,0,1,9.0,0.0,9.0
OEST,114,2024-04-04,2028-04-03,917,6) Mayor a 360 dias,,6) $50.001 a $100.000,2,127325.2,127325.2,3,1,2,0,0,0,3,0,0,0,1,0,0,0,2,132.0,114.0,18.0
OEST,115,2024-04-04,2028-04-03,917,6) Mayor a 360 dias,,1) MENOR A $5.000,2108,1958410.99,1958410.99,3800,1112,2688,417,659,42,2682,0,43,6,1063,417,616,36,1619,105160.0,88532.0,16628.0
OEST,115,2024-04-04,2028-04-03,917,6) Mayor a 360 dias,,2) $5.001 a $10.000,46,325097.88,325097.88,88,30,58,0,2,2,84,0,0,1,29,0,2,1,55,3972.0,3226.0,746.0
OEST,115,2024-04-04,2028-04-03,917,6) Mayor a 360 dias,,3) $10.001 a $20.000,14,197208.78,197208.78,18,6,12,0,1,0,17,0,1,0,5,0,0,0,12,714.0,606.0,108.0
OEST,115,2024-04-04,2028-04-03,917,6) Mayor a 360 dias,,4) $20.001 a $35.000,3,69305.5,69305.5,3,1,2,0,0,0,3,0,0,0,1,0,0,0,2,138.0,120.0,18.0
OEST,115,2024-04-04,2028-04-03,917,6) Mayor a 360 dias,,5) $35.001 a $50.000,1,35100.0,35100.0,1,1,0,0,0,0,1,0,0,0,1,0,0,0,0,131.0,131.0,0.0
OEST,115,2024-04-04,2028-04-03,917,6) Mayor a 360 dias,,6) $50.001 a $100.000,2,121010.04,121010.04,3,1,2,0,0,0,3,0,0,0,1,0,0,0,2,153.0,135.0,18.0
OEST,116,2024-05-03,2028-05-02,888,6) Mayor a 360 dias,,1) MENOR A $5.000,981,1000338.32,1000338.32,1675,519,1156,33,400,16,1226,0,29,5,485,33,371,11,741,47858.0,39596.0,8262.0
OEST,116,2024-05-03,2028-05-02,888,6) Mayor a 360 dias,,2) $5.001 a $10.000,53,369236.18,369236.18,90,38,52,0,4,1,85,0,1,0,37,0,3,1,48,5014.0,4445.0,569.0
OEST,116,2024-05-03,2028-05-02,888,6) Mayor a 360 dias,,3) $10.001 a $20.000,39,551743.54,551743.54,76,28,48,0,1,1,74,0,0,0,28,0,1,1,46,3461.0,2901.0,560.0
OEST,116,2024-05-03,2028-05-02,888,6) Mayor a 360 dias,,4) $20.001 a $35.000,14,359855.01,359855.01,31,13,18,0,0,0,31,0,0,0,13,0,0,0,18,1623.0,1462.0,161.0
OEST,116,2024-05-03,2028-05-02,888,6) Mayor a 360 dias,,5) $35.001 a $50.000,1,35864.46,35864.46,1,1,0,0,0,1,0,0,0,1,0,0,0,0,0,6.0,6.0,0.0
OEST,117,2024-05-06,2028-05-05,885,6) Mayor a 360 dias,,1) MENOR A $5.000,390,349367.83,349367.83,618,239,379,8,145,3,462,0,11,0,228,8,134,3,234,20052.0,17409.0,2643.0
OEST,117,2024-05-06,2028-05-05,885,6) Mayor a 360 dias,,2) $5.001 a $10.000,10,61409.96,61409.96,18,7,11,0,1,1,16,0,0,1,6,0,1,0,10,929.0,757.0,172.0
OEST,117,2024-05-06,2028-05-05,885,6) Mayor a 360 dias,,3) $10.001 a $20.000,10,135962.58,135962.58,13,5,8,0,0,0,13,0,0,0,5,0,0,0,8,659.0,587.0,72.0
OEST,117,2024-05-06,2028-05-05,885,6) Mayor a 360 dias,,4) $20.001 a $35.000,3,78212.94,78212.94,5,1,4,0,0,0,5,0,0,0,1,0,0,0,4,150.0,115.0,35.0
OEST,117,2024-05-06,2028-05-05,885,6) Mayor a 360 dias,,7) $100.001 a $500.000,1,258800.0,258800.0,1,0,1,0,0,0,1,0,0,0,0,0,0,0,1,9.0,0.0,9.0
OEST,118,2024-06-04,2028-06-03,856,6) Mayor a 360 dias,,1) MENOR A $5.000,787,802592.91,802592.91,1441,327,1114,485,127,6,823,0,10,0,317,485,117,6,506,33082.0,27488.0,5594.0
OEST,118,2024-06-04,2028-06-03,856,6) Mayor a 360 dias,,2) $5.001 a $10.000,52,356590.55,356590.55,76,23,53,0,1,0,75,0,0,0,23,0,1,0,52,3235.0,2805.0,430.0
OEST,118,2024-06-04,2028-06-03,856,6) Mayor a 360 dias,,3) $10.001 a $20.000,34,455969.2,455969.2,55,22,33,0,0,0,55,0,0,0,22,0,0,0,33,2826.0,2489.0,337.0
OEST,118,2024-06-04,2028-06-03,856,6) Mayor a 360 dias,,4) $20.001 a $35.000,10,254256.03,254256.03,15,8,7,0,0,0,15,0,0,0,8,0,0,0,7,1092.0,1036.0,56.0
OEST,118,2024-06-04,2028-06-03,856,6) Mayor a 360 dias,,5) $35.001 a $50.000,2,80830.26,80830.26,5,1,4,0,0,0,5,0,0,0,1,0,0,0,4,158.0,126.0,32.0
OEST,118,2024-06-04,2028-06-03,856,6) Mayor a 360 dias,,6) $50.001 a $100.000,1,55400.0,55400.0,4,2,2,0,0,0,4,0,0,0,2,0,0,0,2,262.0,246.0,16.0
OEST,119,2024-06-04,2028-06-03,856,6) Mayor a 360 dias,,1) MENOR A $5.000,166,224592.36,224592.36,903,140,763,575,54,2,272,0,4,0,136,575,50,2,136,12218.0,10322.0,1896.0
OEST,119,2024-06-04,2028-06-03,856,6) Mayor a 360 dias,,2) $5.001 a $10.000,18,127323.08,127323.08,28,12,16,0,1,1,26,0,0,0,12,0,1,1,14,1618.0,1498.0,120.0
OEST,119,2024-06-04,2028-06-03,856,6) Mayor a 360 dias,,3) $10.001 a $20.000,9,114160.78,114160.78,329,24,305,17,273,1,38,0,4,1,19,17,269,0,19,1725.0,1285.0,440.0
OEST,119,2024-06-04,2028-06-03,856,6) Mayor a 360 dias,,4) $20.001 a $35.000,1,20931.75,20931.75,1,1,0,0,0,0,1,0,0,0,1,0,0,0,0,113.0,113.0,0.0
OEST,119,2024-06-04,2028-06-03,856,6) Mayor a 360 dias,,7) $100.001 a $500.000,1,439700.0,439700.0,6,2,4,1,0,0,5,0,0,0,2,1,0,0,3,207.0,183.0,24.0
OEST,128,2024-11-01,2026-11-01,706,6) Mayor a 360 dias,,1) MENOR A $5.000,1035,1348880.12,1348880.12,1813,502,1311,498,75,13,1227,0,12,1,489,498,63,12,738,43181.0,35739.0,7442.0
OEST,128,2024-11-01,2026-11-01,706,6) Mayor a 360 dias,,2) $5.001 a $10.000,90,617155.26,617155.26,143,56,87,0,5,1,137,0,0,0,56,0,5,1,81,6035.0,5179.0,856.0
OEST,128,2024-11-01,2026-11-01,706,6) Mayor a 360 dias,,3) $10.001 a $20.000,71,1041058.93,1041058.93,105,41,64,0,3,0,102,0,0,0,41,0,3,0,61,4503.0,3974.0,529.0
OEST,128,2024-11-01,2026-11-01,706,6) Mayor a 360 dias,,4) $20.001 a $35.000,36,922442.11,922442.11,61,29,32,0,2,0,59,0,0,0,29,0,2,0,30,2902.0,2457.0,445.0
OEST,128,2024-11-01,2026-11-01,706,6) Mayor a 360 dias,,5) $35.001 a $50.000,11,461742.38,461742.38,15,8,7,0,0,0,15,0,0,0,8,0,0,0,7,760.0,704.0,56.0
OEST,128,2024-11-01,2026-11-01,706,6) Mayor a 360 dias,,6) $50.001 a $100.000,7,409500.18,409500.18,9,3,6,0,0,0,9,0,0,0,3,0,0,0,6,372.0,324.0,48.0
OEST,128,2024-11-01,2026-11-01,706,6) Mayor a 360 dias,,7) $100.001 a $500.000,3,520055.77,520055.77,4,2,2,0,0,0,4,0,0,0,2,0,0,0,2,169.0,153.0,16.0
OEST,129,2024-11-01,2026-11-01,706,6) Mayor a 360 dias,,1) MENOR A $5.000,142,213478.85,213478.85,231,93,138,2,4,1,224,0,0,0,93,2,4,1,131,8416.0,6963.0,1453.0
OEST,129,2024-11-01,2026-11-01,706,6) Mayor a 360 dias,,2) $5.001 a $10.000,22,140414.06,140414.06,33,14,19,0,0,0,33,0,0,0,14,0,0,0,19,1494.0,1301.0,193.0
OEST,129,2024-11-01,2026-11-01,706,6) Mayor a 360 dias,,3) $10.001 a $20.000,18,269291.36,269291.36,31,13,18,0,4,0,27,0,1,0,12,0,3,0,15,1069.0,943.0,126.0
OEST,129,2024-11-01,2026-11-01,706,6) Mayor a 360 dias,,4) $20.001 a $35.000,5,126353.6,126353.6,9,3,6,0,1,0,8,0,0,0,3,0,1,0,5,286.0,244.0,42.0
OEST,129,2024-11-01,2026-11-01,706,6) Mayor a 360 dias,,6) $50.001 a $100.000,1,50487.47,50487.47,1,0,1,0,0,0,1,0,0,0,0,0,0,0,1,8.0,0.0,8.0
OEST,129,2024-11-01,2026-11-01,706,6) Mayor a 360 dias,,7) $100.001 a $500.000,1,254542.88,254542.88,2,2,0,0,0,0,2,0,0,0,2,0,0,0,0,230.0,230.0,0.0
OEST,130,2024-12-02,2026-12-02,675,6) Mayor a 360 dias,,1) MENOR A $5.000,969,1214804.51,1214804.51,1580,392,1188,535,36,2,1007,0,4,0,388,535,32,2,619,32872.0,26799.0,6073.0
OEST,130,2024-12-02,2026-12-02,675,6) Mayor a 360 dias,,2) $5.001 a $10.000,84,584036.45,584036.45,129,48,81,2,4,0,123,0,0,0,48,2,4,0,75,5119.0,4134.0,985.0
OEST,130,2024-12-02,2026-12-02,675,6) Mayor a 360 dias,,3) $10.001 a $20.000,64,947871.82,947871.82,93,41,52,1,1,0,91,0,0,0,41,1,1,0,50,4281.0,3627.0,654.0
OEST,130,2024-12-02,2026-12-02,675,6) Mayor a 360 dias,,4) $20.001 a $35.000,25,633583.52,633583.52,46,13,33,0,2,0,44,0,0,0,13,0,2,0,31,1603.0,1116.0,487.0
OEST,130,2024-12-02,2026-12-02,675,6) Mayor a 360 dias,,5) $35.001 a $50.000,9,362505.9,362505.9,16,8,8,0,0,0,16,0,0,0,8,0,0,0,8,739.0,675.0,64.0
OEST,130,2024-12-02,2026-12-02,675,6) Mayor a 360 dias,,6) $50.001 a $100.000,10,610656.71,610656.71,11,6,5,0,0,0,11,0,0,0,6,0,0,0,5,660.0,526.0,134.0
OEST,130,2024-12-02,2026-12-02,675,6) Mayor a 360 dias,,7) $100.001 a $500.000,2,493529.85,493529.85,2,0,2,1,0,0,1,0,0,0,0,1,0,0,1,8.0,0.0,8.0
OEST,131,2024-12-02,2026-12-02,675,6) Mayor a 360 dias,,1) MENOR A $5.000,130,187867.83,187867.83,210,82,128,1,4,0,205,0,2,0,80,1,2,0,125,6879.0,5554.0,1325.0
OEST,131,2024-12-02,2026-12-02,675,6) Mayor a 360 dias,,2) $5.001 a $10.000,7,50512.68,50512.68,10,5,5,0,0,0,10,0,0,0,5,0,0,0,5,521.0,481.0,40.0
OEST,131,2024-12-02,2026-12-02,675,6) Mayor a 360 dias,,3) $10.001 a $20.000,5,71585.36,71585.36,5,1,4,0,0,0,5,0,0,0,1,0,0,0,4,60.0,28.0,32.0
OEST,131,2024-12-02,2026-12-02,675,6) Mayor a 360 dias,,4) $20.001 a $35.000,3,76721.76,76721.76,3,2,1,0,0,0,3,0,0,0,2,0,0,0,1,148.0,140.0,8.0
OEST,131,2024-12-02,2026-12-02,675,6) Mayor a 360 dias,,5) $35.001 a $50.000,1,38824.89,38824.89,6,1,5,0,0,0,6,0,0,0,1,0,0,0,5,193.0,113.0,80.0
OEST,131,2024-12-02,2026-12-02,675,6) Mayor a 360 dias,,6) $50.001 a $100.000,1,57497.03,57497.03,2,0,2,0,0,0,2,0,0,0,0,0,0,0,2,83.0,0.0,83.0
OEST,133,2025-01-06,2027-01-06,640,6) Mayor a 360 dias,,1) MENOR A $5.000,98,175998.8,175998.8,182,60,122,14,6,3,159,0,2,1,57,14,4,2,102,5111.0,4129.0,982.0
OEST,133,2025-01-06,2027-01-06,640,6) Mayor a 360 dias,,2) $5.001 a $10.000,20,150963.08,150963.08,39,12,27,10,1,0,28,0,0,0,12,10,1,0,16,1228.0,1098.0,130.0
OEST,133,2025-01-06,2027-01-06,640,6) Mayor a 360 dias,,3) $10.001 a $20.000,8,117937.02,117937.02,20,6,14,7,1,0,12,0,0,0,6,7,1,0,6,815.0,590.0,225.0
OEST,133,2025-01-06,2027-01-06,640,6) Mayor a 360 dias,,4) $20.001 a $35.000,7,192146.47,192146.47,10,7,3,1,0,0,9,0,0,0,7,1,0,0,2,655.0,639.0,16.0
OEST,133,2025-01-06,2027-01-06,640,6) Mayor a 360 dias,,5) $35.001 a $50.000,3,130310.0,130310.0,5,1,4,2,0,0,3,0,0,0,1,2,0,0,2,122.0,106.0,16.0
OEST,133,2025-01-06,2027-01-06,640,6) Mayor a 360 dias,,6) $50.001 a $100.000,3,168746.78,168746.78,8,3,5,1,1,0,6,0,0,0,3,1,1,0,3,279.0,228.0,51.0
OEST,133,2025-01-06,2027-01-06,640,6) Mayor a 360 dias,,7) $100.001 a $500.000,1,167096.3,167096.3,1,0,1,1,0,0,0,0,0,0,0,1,0,0,0,0.0,0.0,0.0
OEST,135,2025-01-06,2027-01-06,640,6) Mayor a 360 dias,,1) MENOR A $5.000,79,143769.46,143769.46,166,38,128,50,6,3,107,0,3,0,35,50,3,3,72,3372.0,2689.0,683.0
OEST,135,2025-01-06,2027-01-06,640,6) Mayor a 360 dias,,2) $5.001 a $10.000,12,98353.58,98353.58,20,4,16,3,0,0,17,0,0,0,4,3,0,0,13,471.0,367.0,104.0
OEST,135,2025-01-06,2027-01-06,640,6) Mayor a 360 dias,,3) $10.001 a $20.000,13,201026.41,201026.41,21,10,11,2,1,0,18,0,0,0,10,2,1,0,8,894.0,827.0,67.0
OEST,135,2025-01-06,2027-01-06,640,6) Mayor a 360 dias,,4) $20.001 a $35.000,13,329647.65,329647.65,57,15,42,2,22,2,31,0,1,1,13,2,21,1,18,932.0,761.0,171.0
OEST,135,2025-01-06,2027-01-06,640,6) Mayor a 360 dias,,5) $35.001 a $50.000,4,161900.0,161900.0,6,1,5,0,1,0,5,0,0,0,1,0,1,0,4,132.0,98.0,34.0
OEST,135,2025-01-06,2027-01-06,640,6) Mayor a 360 dias,,6) $50.001 a $100.000,1,53900.0,53900.0,3,1,2,0,0,0,3,0,0,0,1,0,0,0,2,128.0,44.0,84.0
OEST,135,2025-01-06,2027-01-06,640,6) Mayor a 360 dias,,7) $100.001 a $500.000,1,125200.0,125200.0,1,1,0,0,0,0,1,0,0,0,1,0,0,0,0,35.0,35.0,0.0
OEST,136,2025-02-04,2027-02-04,611,6) Mayor a 360 dias,,1) MENOR A $5.000,1831,3086936.12,3086936.12,3657,954,2703,1177,108,15,2357,0,11,6,937,1177,97,9,1420,85650.0,70900.0,14750.0
OEST,136,2025-02-04,2027-02-04,611,6) Mayor a 360 dias,,2) $5.001 a $10.000,252,1776799.45,1776799.45,497,169,328,74,5,6,412,0,0,3,166,74,5,3,246,16734.0,14121.0,2613.0
OEST,136,2025-02-04,2027-02-04,611,6) Mayor a 360 dias,,3) $10.001 a $20.000,172,2499830.91,2499830.91,349,118,231,58,10,7,274,0,0,1,117,58,10,6,157,11728.0,10025.0,1703.0
OEST,136,2025-02-04,2027-02-04,611,6) Mayor a 360 dias,,4) $20.001 a $35.000,119,3164956.03,3164956.03,232,89,143,47,1,2,182,0,0,1,88,47,1,1,94,8668.0,7671.0,997.0
OEST,136,2025-02-04,2027-02-04,611,6) Mayor a 360 dias,,5) $35.001 a $50.000,66,2780768.33,2780768.33,123,42,81,25,0,0,98,0,0,0,42,25,0,0,56,4592.0,3920.0,672.0
OEST,136,2025-02-04,2027-02-04,611,6) Mayor a 360 dias,,6) $50.001 a $100.000,71,4839554.1,4839554.1,128,49,79,19,1,2,106,0,0,1,48,19,1,1,58,4992.0,3826.0,1166.0
OEST,136,2025-02-04,2027-02-04,611,6) Mayor a 360 dias,,7) $100.001 a $500.000,19,3353392.25,3353392.25,38,15,23,6,1,0,31,0,0,0,15,6,1,0,16,1373.0,1057.0,316.0
OEST,137,2025-02-04,2027-02-04,611,6) Mayor a 360 dias,,1) MENOR A $5.000,169,291807.45,291807.45,305,107,198,54,6,4,241,0,1,3,103,54,5,1,138,9400.0,7727.0,1673.0
OEST,137,2025-02-04,2027-02-04,611,6) Mayor a 360 dias,,2) $5.001 a $10.000,23,168010.17,168010.17,52,19,33,12,1,0,39,0,0,0,19,12,1,0,20,1809.0,1551.0,258.0
OEST,137,2025-02-04,2027-02-04,611,6) Mayor a 360 dias,,3) $10.001 a $20.000,16,232940.98,232940.98,25,11,14,3,0,0,22,0,0,0,11,3,0,0,11,1194.0,1029.0,165.0
OEST,137,2025-02-04,2027-02-04,611,6) Mayor a 360 dias,,4) $20.001 a $35.000,11,279333.92,279333.92,24,8,16,5,0,0,19,0,0,0,8,5,0,0,11,1079.0,801.0,278.0
OEST,137,2025-02-04,2027-02-04,611,6) Mayor a 360 dias,,5) $35.001 a $50.000,1,47517.12,47517.12,2,2,0,0,0,0,2,0,0,0,2,0,0,0,0,187.0,187.0,0.0
OEST,137,2025-02-04,2027-02-04,611,6) Mayor a 360 dias,,6) $50.001 a $100.000,3,244853.11,244853.11,3,3,0,0,0,0,3,0,0,0,3,0,0,0,0,324.0,324.0,0.0
OEST,137,2025-02-04,2027-02-04,611,6) Mayor a 360 dias,,7) $100.001 a $500.000,2,306035.9,306035.9,3,3,0,0,0,0,3,0,0,0,3,0,0,0,0,257.0,257.0,0.0
OEST,138,2025-03-06,2027-03-06,581,6) Mayor a 360 dias,,1) MENOR A $5.000,1151,1885925.27,1885925.27,2420,531,1889,941,72,19,1388,0,8,3,520,941,64,16,868,50737.0,41413.0,9324.0
OEST,138,2025-03-06,2027-03-06,581,6) Mayor a 360 dias,,2) $5.001 a $10.000,158,1124410.89,1124410.89,291,104,187,53,3,4,231,0,1,2,101,53,2,2,130,10461.0,8986.0,1475.0
OEST,138,2025-03-06,2027-03-06,581,6) Mayor a 360 dias,,3) $10.001 a $20.000,97,1410622.07,1410622.07,174,61,113,28,2,3,141,0,0,2,59,28,2,1,82,6142.0,5086.0,1056.0
OEST,138,2025-03-06,2027-03-06,581,6) Mayor a 360 dias,,4) $20.001 a $35.000,79,2076718.35,2076718.35,151,59,92,26,1,2,122,0,0,0,59,26,1,2,63,5722.0,5086.0,636.0
OEST,138,2025-03-06,2027-03-06,581,6) Mayor a 360 dias,,5) $35.001 a $50.000,35,1452510.34,1452510.34,73,31,42,8,4,1,60,0,0,0,31,8,4,1,29,3068.0,2820.0,248.0
OEST,138,2025-03-06,2027-03-06,581,6) Mayor a 360 dias,,6) $50.001 a $100.000,35,2496854.58,2496854.58,81,29,52,23,0,1,57,0,0,1,28,23,0,0,29,2959.0,2425.0,534.0
OEST,138,2025-03-06,2027-03-06,581,6) Mayor a 360 dias,,7) $100.001 a $500.000,4,537719.42,537719.42,8,4,4,1,0,0,7,0,0,0,4,1,0,0,3,333.0,309.0,24.0
OEST,139,2025-03-06,2027-03-06,581,6) Mayor a 360 dias,,1) MENOR A $5.000,164,324590.41,324590.41,302,116,186,35,9,1,257,0,1,0,115,35,8,1,142,10413.0,8968.0,1445.0
OEST,139,2025-03-06,2027-03-06,581,6) Mayor a 360 dias,,2) $5.001 a $10.000,28,198066.85,198066.85,54,21,33,7,2,0,45,0,0,0,21,7,2,0,24,2320.0,1935.0,385.0
OEST,139,2025-03-06,2027-03-06,581,6) Mayor a 360 dias,,3) $10.001 a $20.000,14,199126.4,199126.4,22,10,12,4,0,1,17,0,0,1,9,4,0,0,8,766.0,702.0,64.0
OEST,139,2025-03-06,2027-03-06,581,6) Mayor a 360 dias,,4) $20.001 a $35.000,11,301704.2,301704.2,21,7,14,4,0,0,17,0,0,0,7,4,0,0,10,712.0,632.0,80.0
OEST,139,2025-03-06,2027-03-06,581,6) Mayor a 360 dias,,5) $35.001 a $50.000,6,264501.86,264501.86,9,3,6,0,0,0,9,0,0,0,3,0,0,0,6,307.0,259.0,48.0
OEST,139,2025-03-06,2027-03-06,581,6) Mayor a 360 dias,,6) $50.001 a $100.000,5,292258.88,292258.88,10,3,7,3,0,0,7,0,0,0,3,3,0,0,4,303.0,271.0,32.0
OEST,139,2025-03-06,2027-03-06,581,6) Mayor a 360 dias,,7) $100.001 a $500.000,4,464905.23,464905.23,5,2,3,0,0,0,5,0,0,0,2,0,0,0,3,214.0,171.0,43.0
OEST,140,2025-04-04,2027-04-04,552,6) Mayor a 360 dias,,1) MENOR A $5.000,917,1707390.33,1707390.33,1772,446,1326,563,46,7,1156,0,3,4,439,563,43,3,717,44305.0,35115.0,9190.0
OEST,140,2025-04-04,2027-04-04,552,6) Mayor a 360 dias,,2) $5.001 a $10.000,164,1141672.85,1141672.85,332,105,227,59,7,5,261,0,0,2,103,59,7,3,158,11121.0,8580.0,2541.0
OEST,140,2025-04-04,2027-04-04,552,6) Mayor a 360 dias,,3) $10.001 a $20.000,139,1899332.58,1899332.58,263,111,152,33,8,2,220,0,0,1,110,33,8,1,110,10269.0,8830.0,1439.0
OEST,140,2025-04-04,2027-04-04,552,6) Mayor a 360 dias,,4) $20.001 a $35.000,87,2330862.76,2330862.76,178,57,121,34,7,1,136,0,0,0,57,34,7,1,79,5624.0,4754.0,870.0
OEST,140,2025-04-04,2027-04-04,552,6) Mayor a 360 dias,,5) $35.001 a $50.000,49,1987158.47,1987158.47,97,46,51,8,0,0,89,0,0,0,46,8,0,0,43,4221.0,3532.0,689.0
OEST,140,2025-04-04,2027-04-04,552,6) Mayor a 360 dias,,6) $50.001 a $100.000,55,3706949.12,3706949.12,111,51,60,19,3,1,88,0,0,0,51,19,3,1,37,4493.0,3961.0,532.0
OEST,140,2025-04-04,2027-04-04,552,6) Mayor a 360 dias,,7) $100.001 a $500.000,12,1522521.44,1522521.44,20,6,14,4,0,0,16,0,0,0,6,4,0,0,10,707.0,521.0,186.0
OEST,140,2025-04-04,2027-04-04,552,6) Mayor a 360 dias,,8) >$500.000,1,557539.35,557539.35,1,0,1,0,0,0,1,0,0,0,0,0,0,0,1,8.0,0.0,8.0
OEST,141,2025-04-04,2027-04-04,552,6) Mayor a 360 dias,,1) MENOR A $5.000,135,267842.1,267842.1,254,78,176,48,12,2,192,0,2,1,75,48,10,1,117,7551.0,5978.0,1573.0
OEST,141,2025-04-04,2027-04-04,552,6) Mayor a 360 dias,,2) $5.001 a $10.000,22,149203.67,149203.67,44,13,31,7,0,1,36,0,0,1,12,7,0,0,24,1205.0,1013.0,192.0
OEST,141,2025-04-04,2027-04-04,552,6) Mayor a 360 dias,,3) $10.001 a $20.000,9,121224.12,121224.12,16,6,10,2,0,1,13,0,0,1,5,2,0,0,8,516.0,452.0,64.0
OEST,141,2025-04-04,2027-04-04,552,6) Mayor a 360 dias,,4) $20.001 a $35.000,11,294948.75,294948.75,16,6,10,2,0,0,14,0,0,0,6,2,0,0,8,601.0,511.0,90.0
OEST,141,2025-04-04,2027-04-04,552,6) Mayor a 360 dias,,5) $35.001 a $50.000,7,280752.67,280752.67,12,6,6,0,0,0,12,0,0,0,6,0,0,0,6,679.0,558.0,121.0
OEST,141,2025-04-04,2027-04-04,552,6) Mayor a 360 dias,,6) $50.001 a $100.000,4,266719.79,266719.79,9,4,5,1,0,0,8,0,0,0,4,1,0,0,4,423.0,369.0,54.0
OEST,142,2025-05-06,2027-05-06,520,6) Mayor a 360 dias,,1) MENOR A $5.000,1343,2350023.34,2350023.34,2632,726,1906,690,89,16,1837,0,6,8,712,690,83,8,1125,67138.0,54240.0,12898.0
OEST,142,2025-05-06,2027-05-06,520,6) Mayor a 360 dias,,2) $5.001 a $10.000,192,1366894.79,1366894.79,385,130,255,47,3,3,332,0,1,1,128,47,2,2,204,12589.0,9844.0,2745.0
OEST,142,2025-05-06,2027-05-06,520,6) Mayor a 360 dias,,3) $10.001 a $20.000,124,1745966.48,1745966.48,247,77,170,29,1,1,216,0,0,0,77,29,1,1,139,7170.0,5574.0,1596.0
OEST,142,2025-05-06,2027-05-06,520,6) Mayor a 360 dias,,4) $20.001 a $35.000,73,1935333.8,1935333.8,140,50,90,18,2,0,120,0,0,0,50,18,2,0,70,5522.0,4173.0,1349.0
OEST,142,2025-05-06,2027-05-06,520,6) Mayor a 360 dias,,5) $35.001 a $50.000,42,1791601.15,1791601.15,71,27,44,5,2,1,63,0,0,0,27,5,2,1,36,2661.0,2024.0,637.0
OEST,142,2025-05-06,2027-05-06,520,6) Mayor a 360 dias,,6) $50.001 a $100.000,39,2500620.9,2500620.9,79,29,50,11,1,0,67,0,0,0,29,11,1,0,38,2898.0,2208.0,690.0
OEST,142,2025-05-06,2027-05-06,520,6) Mayor a 360 dias,,7) $100.001 a $500.000,15,2630950.94,2630950.94,22,13,9,1,0,0,21,0,0,0,13,1,0,0,8,1147.0,971.0,176.0
OEST,143,2025-05-06,2027-05-06,520,6) Mayor a 360 dias,,1) MENOR A $5.000,3758,3963589.61,3963589.61,7055,2228,4827,997,153,16,5889,0,2,6,2220,997,151,10,3669,207142.0,163354.0,43788.0
OEST,143,2025-05-06,2027-05-06,520,6) Mayor a 360 dias,,2) $5.001 a $10.000,145,1004739.37,1004739.37,225,84,141,37,4,0,184,0,0,0,84,37,4,0,100,7759.0,6524.0,1235.0
OEST,143,2025-05-06,2027-05-06,520,6) Mayor a 360 dias,,3) $10.001 a $20.000,61,871322.14,871322.14,135,45,90,18,5,1,111,0,0,0,45,18,5,1,66,4271.0,3580.0,691.0
OEST,143,2025-05-06,2027-05-06,520,6) Mayor a 360 dias,,4) $20.001 a $35.000,22,585609.64,585609.64,31,15,16,2,0,0,29,0,0,0,15,2,0,0,14,1330.0,1134.0,196.0
OEST,143,2025-05-06,2027-05-06,520,6) Mayor a 360 dias,,5) $35.001 a $50.000,7,291013.78,291013.78,16,7,9,2,0,0,14,0,0,0,7,2,0,0,7,608.0,533.0,75.0
OEST,143,2025-05-06,2027-05-06,520,6) Mayor a 360 dias,,6) $50.001 a $100.000,9,612332.96,612332.96,317,20,297,12,266,1,38,0,5,0,15,12,261,1,23,1279.0,667.0,612.0
OEST,143,2025-05-06,2027-05-06,520,6) Mayor a 360 dias,,7) $100.001 a $500.000,3,369667.44,369667.44,18,4,14,2,5,0,11,0,0,0,4,2,5,0,7,343.0,273.0,70.0
OEST,143,2025-05-06,2027-05-06,520,6) Mayor a 360 dias,,8) >$500.000,1,673103.46,673103.46,1,1,0,0,0,0,1,0,0,0,1,0,0,0,0,98.0,98.0,0.0
OEST,144,2025-06-03,2027-06-03,492,6) Mayor a 360 dias,,1) MENOR A $5.000,1722,3124266.78,3124266.78,3366,980,2386,936,107,16,2307,0,2,7,971,936,105,9,1336,85655.0,70613.0,15042.0
OEST,144,2025-06-03,2027-06-03,492,6) Mayor a 360 dias,,2) $5.001 a $10.000,236,1650488.72,1650488.72,467,192,275,65,11,4,387,0,0,2,190,65,11,2,197,17014.0,14194.0,2820.0
OEST,144,2025-06-03,2027-06-03,492,6) Mayor a 360 dias,,3) $10.001 a $20.000,180,2577141.94,2577141.94,376,159,217,44,9,2,321,0,0,2,157,44,9,0,164,14134.0,11591.0,2543.0
OEST,144,2025-06-03,2027-06-03,492,6) Mayor a 360 dias,,4) $20.001 a $35.000,98,2586129.61,2586129.61,196,78,118,39,3,1,153,0,0,0,78,39,3,1,75,6800.0,5763.0,1037.0
OEST,144,2025-06-03,2027-06-03,492,6) Mayor a 360 dias,,5) $35.001 a $50.000,49,2074495.38,2074495.38,101,42,59,16,0,0,85,0,0,0,42,16,0,0,43,3508.0,2846.0,662.0
OEST,144,2025-06-03,2027-06-03,492,6) Mayor a 360 dias,,6) $50.001 a $100.000,46,3110601.83,3110601.83,90,46,44,9,3,1,77,0,0,1,45,9,3,0,32,3900.0,3029.0,871.0
OEST,144,2025-06-03,2027-06-03,492,6) Mayor a 360 dias,,7) $100.001 a $500.000,17,2349846.84,2349846.84,25,11,14,0,0,0,25,0,0,0,11,0,0,0,14,1337.0,884.0,453.0
OEST,145,2025-06-03,2027-06-03,492,6) Mayor a 360 dias,,1) MENOR A $5.000,159,335478.91,335478.91,1274,157,1117,880,24,10,360,0,5,1,151,880,19,9,209,12290.0,9185.0,3105.0
OEST,145,2025-06-03,2027-06-03,492,6) Mayor a 360 dias,,2) $5.001 a $10.000,23,171785.79,171785.79,349,33,316,13,266,4,66,0,4,0,29,13,262,4,37,2232.0,1579.0,653.0
OEST,145,2025-06-03,2027-06-03,492,6) Mayor a 360 dias,,3) $10.001 a $20.000,18,274050.45,274050.45,31,14,17,4,2,1,24,0,1,0,13,4,1,1,11,1114.0,958.0,156.0
OEST,145,2025-06-03,2027-06-03,492,6) Mayor a 360 dias,,4) $20.001 a $35.000,15,409593.21,409593.21,28,15,13,7,0,0,21,0,0,0,15,7,0,0,6,1239.0,1093.0,146.0
OEST,145,2025-06-03,2027-06-03,492,6) Mayor a 360 dias,,5) $35.001 a $50.000,5,188604.01,188604.01,8,3,5,0,0,0,8,0,0,0,3,0,0,0,5,447.0,219.0,228.0
OEST,145,2025-06-03,2027-06-03,492,6) Mayor a 360 dias,,6) $50.001 a $100.000,5,348392.19,348392.19,16,8,8,2,2,0,12,0,1,0,7,2,1,0,5,436.0,395.0,41.0
OEST,145,2025-06-03,2027-06-03,492,6) Mayor a 360 dias,,7) $100.001 a $500.000,5,717925.34,717925.34,10,7,3,0,0,0,10,0,0,0,7,0,0,0,3,518.0,427.0,91.0
OEST,146,2025-07-04,2027-07-04,461,6) Mayor a 360 dias,,1) MENOR A $5.000,1454,2618673.86,2618673.86,3042,742,2300,1218,95,6,1723,0,7,3,732,1218,88,3,991,64344.0,51104.0,13240.0
OEST,146,2025-07-04,2027-07-04,461,6) Mayor a 360 dias,,2) $5.001 a $10.000,286,2042508.01,2042508.01,574,201,373,66,11,3,494,0,0,1,200,66,11,2,294,18005.0,14055.0,3950.0
OEST,146,2025-07-04,2027-07-04,461,6) Mayor a 360 dias,,3) $10.001 a $20.000,247,3434991.9,3434991.9,431,183,248,62,6,2,361,0,1,1,181,62,5,1,180,15407.0,12678.0,2729.0
OEST,146,2025-07-04,2027-07-04,461,6) Mayor a 360 dias,,4) $20.001 a $35.000,163,4388074.29,4388074.29,343,141,202,49,9,1,284,0,0,0,141,49,9,1,143,12122.0,9461.0,2661.0
OEST,146,2025-07-04,2027-07-04,461,6) Mayor a 360 dias,,5) $35.001 a $50.000,61,2493297.07,2493297.07,102,43,59,20,1,0,81,0,0,0,43,20,1,0,38,3830.0,3250.0,580.0
OEST,146,2025-07-04,2027-07-04,461,6) Mayor a 360 dias,,6) $50.001 a $100.000,84,5700052.93,5700052.93,159,75,84,22,2,0,135,0,0,0,75,22,2,0,60,8096.0,5667.0,2429.0
OEST,146,2025-07-04,2027-07-04,461,6) Mayor a 360 dias,,7) $100.001 a $500.000,25,4234227.22,4234227.22,57,32,25,3,0,0,54,0,0,0,32,3,0,0,22,3679.0,2397.0,1282.0
OEST,146,2025-07-04,2027-07-04,461,6) Mayor a 360 dias,,8) >$500.000,1,2133613.24,2133613.24,1,1,0,0,0,0,1,0,0,0,1,0,0,0,0,25.0,25.0,0.0
OEST,147,2025-07-04,2027-07-04,461,6) Mayor a 360 dias,,1) MENOR A $5.000,706,475447.42,475447.42,1731,418,1313,525,158,5,1043,0,1,1,416,525,157,4,627,35568.0,27284.0,8284.0
OEST,147,2025-07-04,2027-07-04,461,6) Mayor a 360 dias,,2) $5.001 a $10.000,29,201908.42,201908.42,54,20,34,9,1,1,43,0,0,0,20,9,1,1,23,1727.0,1411.0,316.0
OEST,147,2025-07-04,2027-07-04,461,6) Mayor a 360 dias,,3) $10.001 a $20.000,24,312850.36,312850.36,45,12,33,12,1,0,32,0,0,0,12,12,1,0,20,1260.0,910.0,350.0
OEST,147,2025-07-04,2027-07-04,461,6) Mayor a 360 dias,,4) $20.001 a $35.000,11,262241.77,262241.77,21,8,13,3,0,1,17,0,0,1,7,3,0,0,10,725.0,460.0,265.0
OEST,147,2025-07-04,2027-07-04,461,6) Mayor a 360 dias,,5) $35.001 a $50.000,2,89000.45,89000.45,3,1,2,0,0,0,3,0,0,0,1,0,0,0,2,110.0,94.0,16.0
OEST,147,2025-07-04,2027-07-04,461,6) Mayor a 360 dias,,6) $50.001 a $100.000,7,473263.45,473263.45,11,6,5,0,0,0,11,0,0,0,6,0,0,0,5,512.0,425.0,87.0
OEST,148,2025-08-06,2027-08-06,428,6) Mayor a 360 dias,,1) MENOR A $5.000,1251,2498444.74,2498444.74,2459,740,1719,507,67,6,1879,0,1,3,736,507,66,3,1143,63897.0,49833.0,14064.0
OEST,148,2025-08-06,2027-08-06,428,6) Mayor a 360 dias,,2) $5.001 a $10.000,249,1711118.8,1711118.8,491,173,318,59,12,3,417,0,0,2,171,59,12,1,246,14494.0,11653.0,2841.0
OEST,148,2025-08-06,2027-08-06,428,6) Mayor a 360 dias,,3) $10.001 a $20.000,160,2245655.23,2245655.23,344,112,232,27,55,3,259,0,0,2,110,27,55,1,149,9954.0,7419.0,2535.0
OEST,148,2025-08-06,2027-08-06,428,6) Mayor a 360 dias,,4) $20.001 a $35.000,71,1870756.24,1870756.24,140,52,88,19,3,1,117,0,0,1,51,19,3,0,66,4913.0,3592.0,1321.0
OEST,148,2025-08-06,2027-08-06,428,6) Mayor a 360 dias,,5) $35.001 a $50.000,45,1868189.5,1868189.5,97,37,60,15,0,0,82,0,0,0,37,15,0,0,45,3209.0,2409.0,800.0
OEST,148,2025-08-06,2027-08-06,428,6) Mayor a 360 dias,,6) $50.001 a $100.000,34,2215106.47,2215106.47,60,28,32,6,0,1,53,0,0,0,28,6,0,1,25,2500.0,2096.0,404.0
OEST,148,2025-08-06,2027-08-06,428,6) Mayor a 360 dias,,7) $100.001 a $500.000,20,3506472.3,3506472.3,58,22,36,11,3,0,44,0,0,0,22,11,3,0,22,2050.0,1505.0,545.0
OEST,149,2025-08-06,2027-08-06,428,6) Mayor a 360 dias,,1) MENOR A $5.000,176,345635.35,345635.35,621,124,497,294,10,2,315,0,1,1,122,294,9,1,193,10332.0,7854.0,2478.0
OEST,149,2025-08-06,2027-08-06,428,6) Mayor a 360 dias,,2) $5.001 a $10.000,36,267270.13,267270.13,68,23,45,5,1,0,62,0,0,0,23,5,1,0,39,2316.0,1646.0,670.0
OEST,149,2025-08-06,2027-08-06,428,6) Mayor a 360 dias,,3) $10.001 a $20.000,17,240507.58,240507.58,33,17,16,1,0,0,32,0,0,0,17,1,0,0,15,1643.0,1244.0,399.0
OEST,149,2025-08-06,2027-08-06,428,6) Mayor a 360 dias,,4) $20.001 a $35.000,6,151416.74,151416.74,8,6,2,0,0,0,8,0,0,0,6,0,0,0,2,416.0,400.0,16.0
OEST,149,2025-08-06,2027-08-06,428,6) Mayor a 360 dias,,5) $35.001 a $50.000,8,335430.44,335430.44,317,26,291,10,268,2,37,0,6,1,19,10,262,1,18,1489.0,854.0,635.0
OEST,149,2025-08-06,2027-08-06,428,6) Mayor a 360 dias,,6) $50.001 a $100.000,6,415292.31,415292.31,11,8,3,0,0,0,11,0,0,0,8,0,0,0,3,623.0,599.0,24.0
OEST,149,2025-08-06,2027-08-06,428,6) Mayor a 360 dias,,7) $100.001 a $500.000,2,336081.24,336081.24,4,4,0,0,0,0,4,0,0,0,4,0,0,0,0,323.0,323.0,0.0
OEST,150,2025-09-02,2027-09-02,401,6) Mayor a 360 dias,,1) MENOR A $5.000,1565,2860161.51,2860161.51,3065,842,2223,380,553,144,1988,0,2,5,835,380,551,139,1153,65021.0,48575.0,16446.0
OEST,150,2025-09-02,2027-09-02,401,6) Mayor a 360 dias,,2) $5.001 a $10.000,303,2172449.01,2172449.01,576,171,405,71,11,46,448,0,0,2,169,71,11,44,279,14453.0,10838.0,3615.0
OEST,150,2025-09-02,2027-09-02,401,6) Mayor a 360 dias,,3) $10.001 a $20.000,166,2383650.56,2383650.56,317,99,218,29,7,31,250,0,1,2,96,29,6,29,154,8253.0,5882.0,2371.0
OEST,150,2025-09-02,2027-09-02,401,6) Mayor a 360 dias,,4) $20.001 a $35.000,107,2796064.11,2796064.11,193,69,124,26,3,11,153,0,0,2,67,26,3,9,86,5342.0,4214.0,1128.0
OEST,150,2025-09-02,2027-09-02,401,6) Mayor a 360 dias,,5) $35.001 a $50.000,34,1410775.96,1410775.96,73,22,51,8,3,6,56,0,0,0,22,8,3,6,34,1944.0,1393.0,551.0
OEST,150,2025-09-02,2027-09-02,401,6) Mayor a 360 dias,,6) $50.001 a $100.000,47,3105683.1,3105683.1,94,34,60,10,3,7,74,0,0,0,34,10,3,7,40,3026.0,2161.0,865.0
OEST,150,2025-09-02,2027-09-02,401,6) Mayor a 360 dias,,7) $100.001 a $500.000,7,1199827.65,1199827.65,18,4,14,4,0,1,13,0,0,0,4,4,0,1,9,563.0,297.0,266.0
OEST,151,2025-09-02,2027-09-02,401,6) Mayor a 360 dias,,1) MENOR A $5.000,244,386610.4,386610.4,793,145,648,337,97,23,336,0,2,1,142,337,95,22,194,11057.0,7829.0,3228.0
OEST,151,2025-09-02,2027-09-02,401,6) Mayor a 360 dias,,2) $5.001 a $10.000,26,178377.09,178377.09,44,16,28,6,0,3,35,0,0,0,16,6,0,3,19,1217.0,960.0,257.0
OEST,151,2025-09-02,2027-09-02,401,6) Mayor a 360 dias,,3) $10.001 a $20.000,19,264978.02,264978.02,341,29,312,14,265,2,60,0,7,0,22,14,258,2,38,1650.0,941.0,709.0
OEST,151,2025-09-02,2027-09-02,401,6) Mayor a 360 dias,,4) $20.001 a $35.000,5,140723.15,140723.15,8,3,5,0,0,1,7,0,0,0,3,0,0,1,4,308.0,242.0,66.0
OEST,151,2025-09-02,2027-09-02,401,6) Mayor a 360 dias,,5) $35.001 a $50.000,5,216471.67,216471.67,5,2,3,0,0,0,5,0,0,0,2,0,0,0,3,198.0,174.0,24.0
OEST,151,2025-09-02,2027-09-02,401,6) Mayor a 360 dias,,6) $50.001 a $100.000,10,635615.76,635615.76,16,5,11,2,0,0,14,0,0,0,5,2,0,0,9,426.0,287.0,139.0
OEST,151,2025-09-02,2027-09-02,401,6) Mayor a 360 dias,,7) $100.001 a $500.000,1,128755.94,128755.94,2,1,1,0,0,0,2,0,0,0,1,0,0,0,1,83.0,75.0,8.0
OEST,151,2025-09-02,2027-09-02,401,6) Mayor a 360 dias,,8) >$500.000,2,2240116.36,2240116.36,4,2,2,0,0,0,4,0,0,0,2,0,0,0,2,104.0,80.0,24.0
OEST,152,2025-10-02,2027-10-02,371,6) Mayor a 360 dias,,1) MENOR A $5.000,1602,3352218.53,3352218.53,3232,851,2381,684,326,4,2218,0,2,1,848,684,324,3,1370,75948.0,58551.0,17397.0
OEST,152,2025-10-02,2027-10-02,371,6) Mayor a 360 dias,,2) $5.001 a $10.000,318,2222612.87,2222612.87,568,220,348,72,41,0,455,0,1,0,219,72,40,0,236,18343.0,14864.0,3479.0
OEST,152,2025-10-02,2027-10-02,371,6) Mayor a 360 dias,,3) $10.001 a $20.000,266,3809944.67,3809944.67,484,169,315,56,33,3,392,0,0,3,166,56,33,0,226,14114.0,10969.0,3145.0
OEST,152,2025-10-02,2027-10-02,371,6) Mayor a 360 dias,,4) $20.001 a $35.000,126,3310191.81,3310191.81,272,92,180,37,30,3,202,0,0,1,91,37,30,2,111,7902.0,5770.0,2132.0
OEST,152,2025-10-02,2027-10-02,371,6) Mayor a 360 dias,,5) $35.001 a $50.000,58,2355381.81,2355381.81,123,43,80,21,15,0,87,0,0,0,43,21,15,0,44,3663.0,2994.0,669.0
OEST,152,2025-10-02,2027-10-02,371,6) Mayor a 360 dias,,6) $50.001 a $100.000,80,5569688.02,5569688.02,159,66,93,29,14,0,116,0,0,0,66,29,14,0,50,5112.0,4388.0,724.0
OEST,152,2025-10-02,2027-10-02,371,6) Mayor a 360 dias,,7) $100.001 a $500.000,23,3939799.88,3939799.88,40,15,25,6,2,0,32,0,0,0,15,6,2,0,17,1221.0,884.0,337.0
OEST,153,2025-10-02,2027-10-02,371,6) Mayor a 360 dias,,1) MENOR A $5.000,209,398607.98,398607.98,410,120,290,50,38,0,322,0,0,0,120,50,38,0,202,11162.0,8265.0,2897.0
OEST,153,2025-10-02,2027-10-02,371,6) Mayor a 360 dias,,2) $5.001 a $10.000,31,218581.1,218581.1,55,16,39,9,4,0,42,0,0,0,16,9,4,0,26,1767.0,1200.0,567.0
OEST,153,2025-10-02,2027-10-02,371,6) Mayor a 360 dias,,3) $10.001 a $20.000,22,327095.51,327095.51,41,14,27,1,4,0,36,0,0,0,14,1,4,0,22,1251.0,899.0,352.0
OEST,153,2025-10-02,2027-10-02,371,6) Mayor a 360 dias,,4) $20.001 a $35.000,18,534174.86,534174.86,33,11,22,3,5,0,25,0,0,0,11,3,5,0,14,927.0,703.0,224.0
OEST,153,2025-10-02,2027-10-02,371,6) Mayor a 360 dias,,5) $35.001 a $50.000,8,323466.09,323466.09,16,11,5,1,0,0,15,0,0,0,11,1,0,0,4,733.0,700.0,33.0
OEST,153,2025-10-02,2027-10-02,371,6) Mayor a 360 dias,,6) $50.001 a $100.000,8,494090.02,494090.02,16,6,10,2,1,0,13,0,0,0,6,2,1,0,7,375.0,316.0,59.0
OEST,153,2025-10-02,2027-10-02,371,6) Mayor a 360 dias,,7) $100.001 a $500.000,1,154781.87,154781.87,1,1,0,0,0,0,1,0,0,0,1,0,0,0,0,47.0,47.0,0.0
OEST,153,2025-10-02,2027-10-02,371,6) Mayor a 360 dias,,8) >$500.000,3,3479836.8,3479836.8,6,1,5,2,0,0,4,0,0,0,1,2,0,0,3,135.0,89.0,46.0
OEST,154,2025-11-04,2027-11-04,338,5) 181 a 360 dias,,1) MENOR A $5.000,1296,2653079.72,2653079.72,2557,651,1906,608,234,8,1707,0,3,5,643,608,231,3,1064,59057.0,45112.0,13945.0
OEST,154,2025-11-04,2027-11-04,338,5) 181 a 360 dias,,2) $5.001 a $10.000,249,1759896.56,1759896.56,479,133,346,65,44,1,369,0,0,1,132,65,44,0,237,11874.0,8614.0,3260.0
OEST,154,2025-11-04,2027-11-04,338,5) 181 a 360 dias,,3) $10.001 a $20.000,180,2546904.34,2546904.34,417,122,295,33,110,5,269,0,0,2,120,33,110,3,149,10394.0,7983.0,2411.0
OEST,154,2025-11-04,2027-11-04,338,5) 181 a 360 dias,,4) $20.001 a $35.000,101,2680004.65,2680004.65,178,54,124,15,18,0,145,0,0,0,54,15,18,0,91,5081.0,3516.0,1565.0
OEST,154,2025-11-04,2027-11-04,338,5) 181 a 360 dias,,5) $35.001 a $50.000,60,2532343.73,2532343.73,121,46,75,17,9,0,95,0,0,0,46,17,9,0,49,4096.0,3155.0,941.0
OEST,154,2025-11-04,2027-11-04,338,5) 181 a 360 dias,,6) $50.001 a $100.000,44,3100922.19,3100922.19,80,30,50,13,8,1,58,0,0,0,30,13,8,1,28,2351.0,1963.0,388.0
OEST,154,2025-11-04,2027-11-04,338,5) 181 a 360 dias,,7) $100.001 a $500.000,10,1697255.91,1697255.91,22,5,17,5,3,2,12,0,0,1,4,5,3,1,8,264.0,188.0,76.0
OEST,154,2025-11-04,2027-11-04,338,5) 181 a 360 dias,,8) >$500.000,2,3439685.73,3439685.73,5,0,5,1,0,0,4,0,0,0,0,1,0,0,4,255.0,0.0,255.0
OEST,155,2025-11-04,2027-11-04,338,5) 181 a 360 dias,,1) MENOR A $5.000,172,348893.61,348893.61,321,94,227,43,35,0,243,0,0,0,94,43,35,0,149,8128.0,6560.0,1568.0
OEST,155,2025-11-04,2027-11-04,338,5) 181 a 360 dias,,2) $5.001 a $10.000,36,239924.23,239924.23,71,28,43,6,3,0,62,0,0,0,28,6,3,0,34,2278.0,1861.0,417.0
OEST,155,2025-11-04,2027-11-04,338,5) 181 a 360 dias,,3) $10.001 a $20.000,16,226677.19,226677.19,33,10,23,3,1,0,29,0,0,0,10,3,1,0,19,907.0,662.0,245.0
OEST,155,2025-11-04,2027-11-04,338,5) 181 a 360 dias,,4) $20.001 a $35.000,9,221641.96,221641.96,15,9,6,0,1,0,14,0,0,0,9,0,1,0,5,726.0,681.0,45.0
OEST,155,2025-11-04,2027-11-04,338,5) 181 a 360 dias,,5) $35.001 a $50.000,3,120580.01,120580.01,6,4,2,0,0,0,6,0,0,0,4,0,0,0,2,362.0,320.0,42.0
OEST,155,2025-11-04,2027-11-04,338,5) 181 a 360 dias,,6) $50.001 a $100.000,5,336201.68,336201.68,8,4,4,1,2,0,5,0,0,0,4,1,2,0,1,154.0,141.0,13.0
OEST,155,2025-11-04,2027-11-04,338,5) 181 a 360 dias,,7) $100.001 a $500.000,2,515023.1,515023.1,8,4,4,0,0,1,7,0,0,0,4,0,0,1,3,239.0,209.0,30.0
OEST,156,2025-12-02,2027-12-02,310,5) 181 a 360 dias,,1) MENOR A $5.000,1594,2919122.55,2919122.55,3006,811,2195,359,662,10,1975,0,0,3,808,359,662,7,1167,63590.0,46905.0,16685.0
OEST,156,2025-12-02,2027-12-02,310,5) 181 a 360 dias,,2) $5.001 a $10.000,317,2197186.32,2197186.32,627,209,418,75,62,1,489,0,1,1,207,75,61,0,282,17018.0,13135.0,3883.0
OEST,156,2025-12-02,2027-12-02,310,5) 181 a 360 dias,,3) $10.001 a $20.000,227,3159760.42,3159760.42,431,137,294,45,56,1,329,0,0,0,137,45,56,1,192,11123.0,8602.0,2521.0
OEST,156,2025-12-02,2027-12-02,310,5) 181 a 360 dias,,4) $20.001 a $35.000,135,3511019.18,3511019.18,279,73,206,47,23,0,209,0,0,0,73,47,23,0,136,6593.0,4680.0,1913.0
OEST,156,2025-12-02,2027-12-02,310,5) 181 a 360 dias,,5) $35.001 a $50.000,72,2944114.95,2944114.95,146,47,99,18,19,0,109,0,0,0,47,18,19,0,62,4353.0,3232.0,1121.0
OEST,156,2025-12-02,2027-12-02,310,5) 181 a 360 dias,,6) $50.001 a $100.000,87,5992429.22,5992429.22,172,58,114,18,22,0,132,0,0,0,58,18,22,0,74,4476.0,3436.0,1040.0
OEST,156,2025-12-02,2027-12-02,310,5) 181 a 360 dias,,7) $100.001 a $500.000,21,3560282.34,3560282.34,33,14,19,6,4,0,23,0,0,0,14,6,4,0,9,925.0,774.0,151.0
OEST,157,2025-12-02,2027-12-02,310,5) 181 a 360 dias,,1) MENOR A $5.000,241,355029.9,355029.9,719,116,603,321,117,2,279,0,0,1,115,321,117,1,164,9036.0,6403.0,2633.0
OEST,157,2025-12-02,2027-12-02,310,5) 181 a 360 dias,,2) $5.001 a $10.000,29,204484.41,204484.41,62,23,39,9,3,1,49,0,0,1,22,9,3,0,27,1846.0,1254.0,592.0
OEST,157,2025-12-02,2027-12-02,310,5) 181 a 360 dias,,3) $10.001 a $20.000,28,383956.31,383956.31,56,20,36,10,4,0,42,0,0,0,20,10,4,0,22,1600.0,1222.0,378.0
OEST,157,2025-12-02,2027-12-02,310,5) 181 a 360 dias,,4) $20.001 a $35.000,10,276437.57,276437.57,19,6,13,4,5,0,10,0,0,0,6,4,5,0,4,529.0,439.0,90.0
OEST,157,2025-12-02,2027-12-02,310,5) 181 a 360 dias,,5) $35.001 a $50.000,5,212223.4,212223.4,9,5,4,0,2,0,7,0,0,0,5,0,2,0,2,478.0,365.0,113.0
OEST,157,2025-12-02,2027-12-02,310,5) 181 a 360 dias,,6) $50.001 a $100.000,2,138280.12,138280.12,3,1,2,0,0,0,3,0,0,0,1,0,0,0,2,56.0,38.0,18.0
OEST,157,2025-12-02,2027-12-02,310,5) 181 a 360 dias,,7) $100.001 a $500.000,2,430179.5,430179.5,7,1,6,0,1,0,6,0,0,0,1,0,1,0,5,185.0,72.0,113.0
OEST,158,2026-01-06,2030-01-05,275,5) 181 a 360 dias,,1) MENOR A $5.000,1679,2977080.5,2977080.5,3249,904,2345,418,732,15,2084,0,1,4,899,418,731,11,1185,65743.0,49067.0,16676.0
OEST,158,2026-01-06,2030-01-05,275,5) 181 a 360 dias,,2) $5.001 a $10.000,261,1821922.91,1821922.91,501,157,344,70,46,0,385,0,0,0,157,70,46,0,228,12375.0,9237.0,3138.0
OEST,158,2026-01-06,2030-01-05,275,5) 181 a 360 dias,,3) $10.001 a $20.000,160,2256639.51,2256639.51,289,94,195,31,29,0,229,0,0,0,94,31,29,0,135,7175.0,5476.0,1699.0
OEST,158,2026-01-06,2030-01-05,275,5) 181 a 360 dias,,4) $20.001 a $35.000,108,2861131.97,2861131.97,211,73,138,15,28,0,168,0,1,0,72,15,27,0,96,5684.0,4316.0,1368.0
OEST,158,2026-01-06,2030-01-05,275,5) 181 a 360 dias,,5) $35.001 a $50.000,69,2877028.42,2877028.42,130,50,80,18,8,0,104,0,0,0,50,18,8,0,54,4014.0,3078.0,936.0
OEST,158,2026-01-06,2030-01-05,275,5) 181 a 360 dias,,6) $50.001 a $100.000,75,5202200.76,5202200.76,159,54,105,18,17,0,124,0,0,0,54,18,17,0,70,4258.0,3362.0,896.0
OEST,158,2026-01-06,2030-01-05,275,5) 181 a 360 dias,,7) $100.001 a $500.000,21,3401081.11,3401081.11,45,22,23,10,2,0,33,0,0,0,22,10,2,0,11,1580.0,1321.0,259.0
OEST,159,2026-01-06,2030-01-05,275,5) 181 a 360 dias,,1) MENOR A $5.000,213,340265.76,340265.76,723,127,596,324,87,1,311,0,1,0,126,324,86,1,185,8938.0,6681.0,2257.0
OEST,159,2026-01-06,2030-01-05,275,5) 181 a 360 dias,,2) $5.001 a $10.000,20,146807.07,146807.07,39,12,27,4,3,0,32,0,0,0,12,4,3,0,20,982.0,696.0,286.0
OEST,159,2026-01-06,2030-01-05,275,5) 181 a 360 dias,,3) $10.001 a $20.000,16,230365.79,230365.79,26,11,15,3,0,0,23,0,0,0,11,3,0,0,12,905.0,697.0,208.0
OEST,159,2026-01-06,2030-01-05,275,5) 181 a 360 dias,,4) $20.001 a $35.000,10,280154.22,280154.22,22,4,18,1,3,1,17,0,0,0,4,1,3,1,13,438.0,247.0,191.0
OEST,159,2026-01-06,2030-01-05,275,5) 181 a 360 dias,,5) $35.001 a $50.000,7,298252.75,298252.75,16,7,9,1,0,0,15,0,0,0,7,1,0,0,8,549.0,466.0,83.0
OEST,159,2026-01-06,2030-01-05,275,5) 181 a 360 dias,,6) $50.001 a $100.000,5,359416.31,359416.31,12,3,9,3,0,0,9,0,0,0,3,3,0,0,6,252.0,201.0,51.0
OEST,159,2026-01-06,2030-01-05,275,5) 181 a 360 dias,,7) $100.001 a $500.000,1,258829.9,258829.9,1,0,1,0,0,0,1,0,0,0,0,0,0,0,1,9.0,0.0,9.0
OEST,159,2026-01-06,2030-01-05,275,5) 181 a 360 dias,,8) >$500.000,1,1510163.06,1510163.06,1,0,1,0,1,0,0,0,0,0,0,0,1,0,0,2.0,0.0,2.0
OEST,160,2026-02-04,2030-02-03,246,5) 181 a 360 dias,,1) MENOR A $5.000,1428,2777532.8,2777532.8,3031,736,2295,801,294,0,1936,0,3,0,733,801,291,0,1203,59209.0,43163.0,16046.0
OEST,160,2026-02-04,2030-02-03,246,5) 181 a 360 dias,,2) $5.001 a $10.000,280,1942089.39,1942089.39,525,171,354,55,66,1,403,0,1,0,170,55,65,1,233,13053.0,9535.0,3518.0
OEST,160,2026-02-04,2030-02-03,246,5) 181 a 360 dias,,3) $10.001 a $20.000,192,2775702.52,2775702.52,348,99,249,31,54,1,262,0,2,0,97,31,52,1,165,8233.0,5543.0,2690.0
OEST,160,2026-02-04,2030-02-03,246,5) 181 a 360 dias,,4) $20.001 a $35.000,138,3575713.47,3575713.47,259,92,167,31,32,2,194,0,0,1,91,31,32,1,103,6385.0,4961.0,1424.0
OEST,160,2026-02-04,2030-02-03,246,5) 181 a 360 dias,,5) $35.001 a $50.000,69,2862541.11,2862541.11,128,47,81,23,11,0,94,0,0,0,47,23,11,0,47,3720.0,2638.0,1082.0
OEST,160,2026-02-04,2030-02-03,246,5) 181 a 360 dias,,6) $50.001 a $100.000,79,5572487.32,5572487.32,153,50,103,25,10,1,117,0,0,0,50,25,10,1,67,3600.0,2776.0,824.0
OEST,160,2026-02-04,2030-02-03,246,5) 181 a 360 dias,,7) $100.001 a $500.000,15,2460602.72,2460602.72,33,13,20,4,1,0,28,0,0,0,13,4,1,0,15,1066.0,778.0,288.0
OEST,161,2026-02-04,2030-02-03,246,5) 181 a 360 dias,,1) MENOR A $5.000,153,299361.7,299361.7,667,108,559,365,43,1,258,0,2,0,106,365,41,1,152,8630.0,5969.0,2661.0
OEST,161,2026-02-04,2030-02-03,246,5) 181 a 360 dias,,2) $5.001 a $10.000,28,199406.49,199406.49,59,21,38,8,6,0,45,0,0,0,21,8,6,0,24,1557.0,1160.0,397.0
OEST,161,2026-02-04,2030-02-03,246,5) 181 a 360 dias,,3) $10.001 a $20.000,19,258147.93,258147.93,36,11,25,2,4,0,30,0,0,0,11,2,4,0,19,1023.0,608.0,415.0
OEST,161,2026-02-04,2030-02-03,246,5) 181 a 360 dias,,4) $20.001 a $35.000,11,283830.33,283830.33,79,11,68,1,43,1,34,0,0,0,11,1,43,1,23,900.0,414.0,486.0
OEST,161,2026-02-04,2030-02-03,246,5) 181 a 360 dias,,5) $35.001 a $50.000,4,174538.05,174538.05,9,6,3,0,0,0,9,0,0,0,6,0,0,0,3,289.0,265.0,24.0
OEST,161,2026-02-04,2030-02-03,246,5) 181 a 360 dias,,6) $50.001 a $100.000,7,440526.7,440526.7,308,15,293,5,265,0,38,0,0,0,15,5,265,0,23,960.0,445.0,515.0
OEST,161,2026-02-04,2030-02-03,246,5) 181 a 360 dias,,7) $100.001 a $500.000,1,124785.33,124785.33,1,0,1,0,0,0,1,0,0,0,0,0,0,0,1,9.0,0.0,9.0
OEST,161,2026-02-04,2030-02-03,246,5) 181 a 360 dias,,8) >$500.000,1,923202.77,923202.77,2,0,2,0,0,0,2,0,0,0,0,0,0,0,2,16.0,0.0,16.0
OEST,162,2026-03-02,2030-03-01,220,5) 181 a 360 dias,,1) MENOR A $5.000,1649,3238537.95,3238537.95,3201,863,2338,367,521,171,2142,0,48,3,812,367,473,168,1330,63340.0,44722.0,18618.0
OEST,162,2026-03-02,2030-03-01,220,5) 181 a 360 dias,,2) $5.001 a $10.000,292,2042919.19,2042919.19,555,151,404,57,9,54,435,0,0,0,151,57,9,54,284,12665.0,8298.0,4367.0
OEST,162,2026-03-02,2030-03-01,220,5) 181 a 360 dias,,3) $10.001 a $20.000,218,3080650.58,3080650.58,428,129,299,56,9,33,330,0,1,0,128,56,8,33,202,9821.0,6525.0,3296.0
OEST,162,2026-03-02,2030-03-01,220,5) 181 a 360 dias,,4) $20.001 a $35.000,127,3324223.23,3324223.23,236,70,166,29,5,15,187,0,0,0,70,29,5,15,117,5544.0,3724.0,1820.0
OEST,162,2026-03-02,2030-03-01,220,5) 181 a 360 dias,,5) $35.001 a $50.000,69,2896928.42,2896928.42,128,46,82,10,1,10,107,0,0,0,46,10,1,10,61,3718.0,2654.0,1064.0
OEST,162,2026-03-02,2030-03-01,220,5) 181 a 360 dias,,6) $50.001 a $100.000,66,4500187.04,4500187.04,133,45,88,22,2,7,102,0,0,0,45,22,2,7,57,3474.0,2645.0,829.0
OEST,162,2026-03-02,2030-03-01,220,5) 181 a 360 dias,,7) $100.001 a $500.000,21,2854744.79,2854744.79,36,14,22,1,1,1,33,0,0,0,14,1,1,1,19,1266.0,823.0,443.0
OEST,162,2026-03-02,2030-03-01,220,5) 181 a 360 dias,,8) >$500.000,2,2239442.84,2239442.84,2,2,0,0,0,0,2,0,0,0,2,0,0,0,0,131.0,131.0,0.0
OEST,163,2026-03-02,2030-03-01,220,5) 181 a 360 dias,,1) MENOR A $5.000,177,334445.25,334445.25,1527,136,1391,1106,18,102,301,0,0,11,125,1106,18,91,176,8800.0,6049.0,2751.0
OEST,163,2026-03-02,2030-03-01,220,5) 181 a 360 dias,,2) $5.001 a $10.000,31,222195.16,222195.16,64,25,39,6,2,4,52,0,0,0,25,6,2,4,27,1769.0,1387.0,382.0
OEST,163,2026-03-02,2030-03-01,220,5) 181 a 360 dias,,3) $10.001 a $20.000,19,270728.69,270728.69,54,18,36,2,4,7,41,0,0,0,18,2,4,7,23,1206.0,889.0,317.0
OEST,163,2026-03-02,2030-03-01,220,5) 181 a 360 dias,,4) $20.001 a $35.000,7,171599.8,171599.8,16,6,10,0,0,4,12,0,0,0,6,0,0,4,6,368.0,289.0,79.0
OEST,163,2026-03-02,2030-03-01,220,5) 181 a 360 dias,,5) $35.001 a $50.000,10,416300.21,416300.21,24,8,16,2,0,1,21,0,0,0,8,2,0,1,13,624.0,401.0,223.0
OEST,163,2026-03-02,2030-03-01,220,5) 181 a 360 dias,,6) $50.001 a $100.000,4,333211.87,333211.87,8,3,5,2,0,1,5,0,0,0,3,2,0,1,2,279.0,208.0,71.0
OEST,163,2026-03-02,2030-03-01,220,5) 181 a 360 dias,,7) $100.001 a $500.000,2,246417.58,246417.58,4,3,1,0,0,0,4,0,0,0,3,0,0,0,1,209.0,200.0,9.0
OEST,164,2026-04-06,2030-04-05,185,5) 181 a 360 dias,,1) MENOR A $5.000,1710,3442911.37,3442911.37,3378,929,2449,716,40,4,2618,0,0,2,927,716,40,2,1691,64745.0,44729.0,20016.0
OEST,164,2026-04-06,2030-04-05,185,5) 181 a 360 dias,,2) $5.001 a $10.000,312,2159079.17,2159079.17,579,207,372,61,11,0,507,0,0,0,207,61,11,0,300,13445.0,9865.0,3580.0
OEST,164,2026-04-06,2030-04-05,185,5) 181 a 360 dias,,3) $10.001 a $20.000,174,2479497.24,2479497.24,324,109,215,31,6,0,287,0,1,0,108,31,5,0,179,7367.0,5161.0,2206.0
OEST,164,2026-04-06,2030-04-05,185,5) 181 a 360 dias,,4) $20.001 a $35.000,129,3389888.09,3389888.09,263,93,170,26,3,0,234,0,0,0,93,26,3,0,141,6176.0,4437.0,1739.0
OEST,164,2026-04-06,2030-04-05,185,5) 181 a 360 dias,,5) $35.001 a $50.000,63,2595958.31,2595958.31,108,38,70,14,1,1,92,0,0,0,38,14,1,1,54,2834.0,1917.0,917.0
OEST,164,2026-04-06,2030-04-05,185,5) 181 a 360 dias,,6) $50.001 a $100.000,76,5187222.58,5187222.58,140,40,100,16,2,0,122,0,0,0,40,16,2,0,82,3250.0,1964.0,1286.0
OEST,164,2026-04-06,2030-04-05,185,5) 181 a 360 dias,,7) $100.001 a $500.000,22,3392581.0,3392581.0,38,13,25,6,0,0,32,0,0,0,13,6,0,0,19,790.0,624.0,166.0
OEST,165,2026-04-06,2030-04-05,185,5) 181 a 360 dias,,1) MENOR A $5.000,255,507912.8,507912.8,506,162,344,67,21,6,412,0,0,2,160,67,21,4,252,10533.0,7503.0,3030.0
OEST,165,2026-04-06,2030-04-05,185,5) 181 a 360 dias,,2) $5.001 a $10.000,68,486545.27,486545.27,426,51,375,20,288,0,118,0,3,0,48,20,285,0,70,3402.0,2201.0,1201.0
OEST,165,2026-04-06,2030-04-05,185,5) 181 a 360 dias,,3) $10.001 a $20.000,49,691163.88,691163.88,101,38,63,10,1,0,90,0,0,0,38,10,1,0,52,2423.0,1751.0,672.0
OEST,165,2026-04-06,2030-04-05,185,5) 181 a 360 dias,,4) $20.001 a $35.000,30,827671.1,827671.1,64,24,40,6,2,1,55,0,0,0,24,6,2,1,31,1670.0,1148.0,522.0
OEST,165,2026-04-06,2030-04-05,185,5) 181 a 360 dias,,5) $35.001 a $50.000,14,597432.45,597432.45,25,12,13,1,1,0,23,0,0,0,12,1,1,0,11,637.0,539.0,98.0
OEST,165,2026-04-06,2030-04-05,185,5) 181 a 360 dias,,6) $50.001 a $100.000,17,1181208.49,1181208.49,36,12,24,3,0,0,33,0,0,0,12,3,0,0,21,1012.0,679.0,333.0
OEST,165,2026-04-06,2030-04-05,185,5) 181 a 360 dias,,7) $100.001 a $500.000,6,1088078.86,1088078.86,7,2,5,0,0,0,7,0,0,0,2,0,0,0,5,155.0,114.0,41.0
OEST,169,2026-06-02,2030-06-01,128,4) 91 a 180 dias,,1) MENOR A $5.000,1633,3634819.51,3634819.51,3294,993,2301,458,32,6,2798,0,0,1,992,458,32,5,1806,52297.0,33671.0,18626.0
OEST,169,2026-06-02,2030-06-01,128,4) 91 a 180 dias,,2) $5.001 a $10.000,380,2623300.71,2623300.71,751,249,502,95,13,0,643,0,1,0,248,95,12,0,395,12246.0,8155.0,4091.0
OEST,169,2026-06-02,2030-06-01,128,4) 91 a 180 dias,,3) $10.001 a $20.000,272,3909013.91,3909013.91,521,160,361,66,6,0,449,0,0,0,160,66,6,0,289,8346.0,5326.0,3020.0
OEST,169,2026-06-02,2030-06-01,128,4) 91 a 180 dias,,4) $20.001 a $35.000,146,3830038.39,3830038.39,297,82,215,42,2,1,252,0,0,0,82,42,2,1,170,4500.0,2806.0,1694.0
OEST,169,2026-06-02,2030-06-01,128,4) 91 a 180 dias,,5) $35.001 a $50.000,79,3325066.61,3325066.61,135,34,101,21,0,1,113,0,0,0,34,21,0,1,79,2287.0,1261.0,1026.0
OEST,169,2026-06-02,2030-06-01,128,4) 91 a 180 dias,,6) $50.001 a $100.000,97,6626832.0,6626832.0,194,59,135,31,4,2,157,0,0,1,58,31,4,1,99,3498.0,2392.0,1106.0
OEST,169,2026-06-02,2030-06-01,128,4) 91 a 180 dias,,7) $100.001 a $500.000,36,5254103.12,5254103.12,80,22,58,4,3,1,72,0,1,0,21,4,2,1,51,1514.0,861.0,653.0
OEST,169,2026-06-02,2030-06-01,128,4) 91 a 180 dias,,8) >$500.000,1,681250.78,681250.78,1,0,1,0,0,0,1,0,0,0,0,0,0,0,1,8.0,0.0,8.0
OEST,170,2026-06-02,2030-06-01,128,4) 91 a 180 dias,,1) MENOR A $5.000,378,757656.02,757656.02,723,219,504,87,3,0,633,0,0,0,219,87,3,0,414,11576.0,7312.0,4264.0
OEST,170,2026-06-02,2030-06-01,128,4) 91 a 180 dias,,2) $5.001 a $10.000,83,581356.82,581356.82,171,49,122,18,4,1,148,0,0,0,49,18,4,1,99,2573.0,1591.0,982.0
OEST,170,2026-06-02,2030-06-01,128,4) 91 a 180 dias,,3) $10.001 a $20.000,45,639240.53,639240.53,104,32,72,12,15,0,77,0,0,0,32,12,15,0,45,1548.0,1055.0,493.0
OEST,170,2026-06-02,2030-06-01,128,4) 91 a 180 dias,,4) $20.001 a $35.000,21,561961.77,561961.77,43,11,32,6,0,0,37,0,0,0,11,6,0,0,26,718.0,379.0,339.0
OEST,170,2026-06-02,2030-06-01,128,4) 91 a 180 dias,,5) $35.001 a $50.000,23,980459.7,980459.7,45,15,30,8,0,0,37,0,0,0,15,8,0,0,22,897.0,553.0,344.0
OEST,170,2026-06-02,2030-06-01,128,4) 91 a 180 dias,,6) $50.001 a $100.000,17,1083860.96,1083860.96,328,19,309,9,287,2,30,0,2,0,17,9,285,2,13,1044.0,541.0,503.0
OEST,170,2026-06-02,2030-06-01,128,4) 91 a 180 dias,,7) $100.001 a $500.000,4,550948.83,550948.83,8,3,5,0,0,0,8,0,0,0,3,0,0,0,5,179.0,139.0,40.0
OEST,168,2026-06-04,2030-06-03,126,4) 91 a 180 dias,,1) MENOR A $5.000,533,1048121.02,1048121.02,966,284,682,108,2,4,852,0,1,1,282,108,1,3,570,15145.0,9392.0,5753.0
OEST,168,2026-06-04,2030-06-03,126,4) 91 a 180 dias,,2) $5.001 a $10.000,83,579157.95,579157.95,168,52,116,20,3,0,145,0,0,0,52,20,3,0,93,2567.0,1683.0,884.0
OEST,168,2026-06-04,2030-06-03,126,4) 91 a 180 dias,,3) $10.001 a $20.000,62,892298.09,892298.09,108,27,81,7,2,0,99,0,0,0,27,7,2,0,72,1768.0,913.0,855.0
OEST,168,2026-06-04,2030-06-03,126,4) 91 a 180 dias,,4) $20.001 a $35.000,34,919284.66,919284.66,78,26,52,8,1,0,69,0,0,0,26,8,1,0,43,1328.0,822.0,506.0
OEST,168,2026-06-04,2030-06-03,126,4) 91 a 180 dias,,5) $35.001 a $50.000,16,633959.72,633959.72,32,11,21,6,0,0,26,0,0,0,11,6,0,0,15,618.0,432.0,186.0
OEST,168,2026-06-04,2030-06-03,126,4) 91 a 180 dias,,6) $50.001 a $100.000,19,1344555.35,1344555.35,27,15,12,0,0,0,27,0,0,0,15,0,0,0,12,730.0,578.0,152.0
OEST,168,2026-06-04,2030-06-03,126,4) 91 a 180 dias,,7) $100.001 a $500.000,11,1788445.47,1788445.47,21,4,17,2,0,0,19,0,0,0,4,2,0,0,15,345.0,167.0,178.0
OEST,168,2026-06-04,2030-06-03,126,4) 91 a 180 dias,,8) >$500.000,1,1682044.32,1682044.32,6,3,3,1,0,0,5,0,0,0,3,1,0,0,2,153.0,137.0,16.0
OEST,171,2026-06-04,2030-06-03,126,4) 91 a 180 dias,,1) MENOR A $5.000,1847,3697011.65,3697011.65,3511,921,2590,788,6,3,2714,0,0,0,921,788,6,3,1793,49672.0,31060.0,18612.0
OEST,171,2026-06-04,2030-06-03,126,4) 91 a 180 dias,,2) $5.001 a $10.000,375,2601290.81,2601290.81,728,228,500,75,19,1,633,0,2,0,226,75,17,1,407,11910.0,7364.0,4546.0
OEST,171,2026-06-04,2030-06-03,126,4) 91 a 180 dias,,3) $10.001 a $20.000,273,3900459.58,3900459.58,512,154,358,48,7,2,455,0,0,0,154,48,7,2,301,8633.0,5117.0,3516.0
OEST,171,2026-06-04,2030-06-03,126,4) 91 a 180 dias,,4) $20.001 a $35.000,146,3870070.71,3870070.71,290,89,201,31,4,2,253,0,1,0,88,31,3,2,165,4796.0,2932.0,1864.0
OEST,171,2026-06-04,2030-06-03,126,4) 91 a 180 dias,,5) $35.001 a $50.000,88,3685154.82,3685154.82,157,52,105,12,3,1,141,0,0,0,52,12,3,1,89,3484.0,2207.0,1277.0
OEST,171,2026-06-04,2030-06-03,126,4) 91 a 180 dias,,6) $50.001 a $100.000,81,5369679.43,5369679.43,158,53,105,15,3,0,140,0,1,0,52,15,2,0,88,2998.0,1989.0,1009.0
OEST,171,2026-06-04,2030-06-03,126,4) 91 a 180 dias,,7) $100.001 a $500.000,38,6454214.07,6454214.07,73,15,58,5,2,1,65,0,0,0,15,5,2,1,50,1094.0,607.0,487.0
OEST,171,2026-06-04,2030-06-03,126,4) 91 a 180 dias,,8) >$500.000,2,2954050.45,2954050.45,2,0,2,0,0,0,2,0,0,0,0,0,0,0,2,16.0,0.0,16.0
OEST,172,2026-07-01,2030-06-30,99,4) 91 a 180 dias,,1) MENOR A $5.000,1777,3891289.54,3891289.54,3964,996,2968,993,4,9,2958,0,0,4,992,993,4,5,1966,46261.0,26829.0,19432.0
OEST,172,2026-07-01,2030-06-30,99,4) 91 a 180 dias,,2) $5.001 a $10.000,386,2641111.07,2641111.07,859,191,668,254,5,2,598,0,1,2,188,254,4,0,410,9116.0,4941.0,4175.0
OEST,172,2026-07-01,2030-06-30,99,4) 91 a 180 dias,,3) $10.001 a $20.000,246,3495448.24,3495448.24,503,125,378,91,1,5,406,0,0,0,125,91,1,5,281,6393.0,3434.0,2959.0
OEST,172,2026-07-01,2030-06-30,99,4) 91 a 180 dias,,4) $20.001 a $35.000,147,3821965.41,3821965.41,255,81,174,34,1,0,220,0,0,0,81,34,1,0,139,3950.0,2426.0,1524.0
OEST,172,2026-07-01,2030-06-30,99,4) 91 a 180 dias,,5) $35.001 a $50.000,66,2803018.16,2803018.16,105,30,75,11,0,0,94,0,0,0,30,11,0,0,64,1756.0,1091.0,665.0
OEST,172,2026-07-01,2030-06-30,99,4) 91 a 180 dias,,6) $50.001 a $100.000,94,6415176.18,6415176.18,169,44,125,22,1,1,145,0,0,0,44,22,1,1,101,2897.0,1707.0,1190.0
OEST,172,2026-07-01,2030-06-30,99,4) 91 a 180 dias,,7) $100.001 a $500.000,30,4905349.62,4905349.62,61,20,41,3,0,0,58,0,0,0,20,3,0,0,38,1174.0,782.0,392.0
OEST,172,2026-07-01,2030-06-30,99,4) 91 a 180 dias,,8) >$500.000,5,4182147.73,4182147.73,10,2,8,0,0,0,10,0,0,0,2,0,0,0,8,120.0,56.0,64.0
OEST,173,2026-07-01,2030-06-30,99,4) 91 a 180 dias,,1) MENOR A $5.000,508,1000411.85,1000411.85,1262,268,994,408,3,6,845,0,0,3,265,408,3,3,580,12843.0,7010.0,5833.0
OEST,173,2026-07-01,2030-06-30,99,4) 91 a 180 dias,,2) $5.001 a $10.000,86,620418.85,620418.85,148,48,100,10,0,0,138,0,0,0,48,10,0,0,90,2157.0,1267.0,890.0
OEST,173,2026-07-01,2030-06-30,99,4) 91 a 180 dias,,3) $10.001 a $20.000,52,737507.22,737507.22,123,37,86,20,3,0,100,0,0,0,37,20,3,0,63,1785.0,1028.0,757.0
OEST,173,2026-07-01,2030-06-30,99,4) 91 a 180 dias,,4) $20.001 a $35.000,21,543694.85,543694.85,39,14,25,3,1,1,34,0,0,0,14,3,1,1,20,619.0,400.0,219.0
OEST,173,2026-07-01,2030-06-30,99,4) 91 a 180 dias,,5) $35.001 a $50.000,19,772954.08,772954.08,38,10,28,3,0,4,31,0,0,0,10,3,0,4,21,537.0,300.0,237.0
OEST,173,2026-07-01,2030-06-30,99,4) 91 a 180 dias,,6) $50.001 a $100.000,13,881843.74,881843.74,18,3,15,2,0,0,16,0,0,0,3,2,0,0,13,230.0,126.0,104.0
OEST,173,2026-07-01,2030-06-30,99,4) 91 a 180 dias,,7) $100.001 a $500.000,12,2166826.34,2166826.34,25,11,14,2,0,0,23,0,0,0,11,2,0,0,12,504.0,372.0,132.0
OEST,174,2026-08-04,2030-08-03,65,3) 61 a 90 dias,,1) MENOR A $5.000,1837,4013240.72,4013240.72,3661,1191,2470,233,15,5,3408,0,1,0,1190,233,14,5,2218,46811.0,26615.0,20196.0
OEST,174,2026-08-04,2030-08-03,65,3) 61 a 90 dias,,2) $5.001 a $10.000,374,2608157.08,2608157.08,713,213,500,10,0,1,702,0,0,1,212,10,0,0,490,9512.0,4846.0,4666.0
OEST,174,2026-08-04,2030-08-03,65,3) 61 a 90 dias,,3) $10.001 a $20.000,263,3729791.96,3729791.96,473,140,333,12,3,0,458,0,0,0,140,12,3,0,318,6283.0,3308.0,2975.0
OEST,174,2026-08-04,2030-08-03,65,3) 61 a 90 dias,,4) $20.001 a $35.000,163,4400868.84,4400868.84,283,99,184,9,0,0,274,0,0,0,99,9,0,0,175,4205.0,2471.0,1734.0
OEST,174,2026-08-04,2030-08-03,65,3) 61 a 90 dias,,5) $35.001 a $50.000,73,3028888.49,3028888.49,120,36,84,1,0,0,119,0,0,0,36,1,0,0,83,1908.0,1021.0,887.0
OEST,174,2026-08-04,2030-08-03,65,3) 61 a 90 dias,,6) $50.001 a $100.000,94,6267967.05,6267967.05,170,50,120,3,0,0,167,0,0,0,50,3,0,0,117,2977.0,1524.0,1453.0
OEST,174,2026-08-04,2030-08-03,65,3) 61 a 90 dias,,7) $100.001 a $500.000,27,4301945.28,4301945.28,53,14,39,0,0,0,53,0,0,0,14,0,0,0,39,1039.0,470.0,569.0
OEST,174,2026-08-04,2030-08-03,65,3) 61 a 90 dias,,8) >$500.000,2,1906024.1,1906024.1,5,2,3,0,0,0,5,0,0,0,2,0,0,0,3,77.0,53.0,24.0
OEST,175,2026-08-04,2030-08-03,65,3) 61 a 90 dias,,1) MENOR A $5.000,587,1225354.39,1225354.39,1058,322,736,26,4,4,1024,0,0,1,321,26,4,3,703,13770.0,7217.0,6553.0
OEST,175,2026-08-04,2030-08-03,65,3) 61 a 90 dias,,2) $5.001 a $10.000,114,771691.32,771691.32,209,74,135,5,0,1,203,0,0,0,74,5,0,1,129,2890.0,1722.0,1168.0
OEST,175,2026-08-04,2030-08-03,65,3) 61 a 90 dias,,3) $10.001 a $20.000,55,808809.02,808809.02,113,48,65,2,1,1,109,0,0,0,48,2,1,1,61,1681.0,1156.0,525.0
OEST,175,2026-08-04,2030-08-03,65,3) 61 a 90 dias,,4) $20.001 a $35.000,33,819106.88,819106.88,58,24,34,1,0,0,57,0,0,0,24,1,0,0,33,868.0,539.0,329.0
OEST,175,2026-08-04,2030-08-03,65,3) 61 a 90 dias,,5) $35.001 a $50.000,11,439450.43,439450.43,20,9,11,0,0,0,20,0,0,0,9,0,0,0,11,355.0,233.0,122.0
OEST,175,2026-08-04,2030-08-03,65,3) 61 a 90 dias,,6) $50.001 a $100.000,16,1105975.16,1105975.16,44,12,32,0,2,0,42,0,0,0,12,0,2,0,30,691.0,345.0,346.0
OEST,175,2026-08-04,2030-08-03,65,3) 61 a 90 dias,,7) $100.001 a $500.000,7,1502119.55,1502119.55,13,3,10,1,0,0,12,0,0,0,3,1,0,0,9,161.0,80.0,81.0
OEST,175,2026-08-04,2030-08-03,65,3) 61 a 90 dias,,8) >$500.000,1,4649555.91,4649555.91,3,0,3,0,1,0,2,0,0,0,0,0,1,0,2,49.0,0.0,49.0
OEST,176,2026-09-02,2030-09-01,36,2) 31 a 60 dias,,1) MENOR A $5.000,1805,4120069.16,4120069.16,3469,1124,2345,101,769,1,2598,0,77,0,1047,101,692,1,1551,31622.0,17493.0,14129.0
OEST,176,2026-09-02,2030-09-01,36,2) 31 a 60 dias,,2) $5.001 a $10.000,455,3161796.3,3161796.3,923,292,631,24,226,3,670,0,28,1,263,24,198,2,407,8161.0,4405.0,3756.0
OEST,176,2026-09-02,2030-09-01,36,2) 31 a 60 dias,,3) $10.001 a $20.000,264,3666268.82,3666268.82,510,130,380,23,164,0,323,0,13,0,117,23,151,0,206,3914.0,1960.0,1954.0
OEST,176,2026-09-02,2030-09-01,36,2) 31 a 60 dias,,4) $20.001 a $35.000,168,4387622.41,4387622.41,338,102,236,4,64,0,270,0,6,0,96,4,58,0,174,3215.0,1590.0,1625.0
OEST,176,2026-09-02,2030-09-01,36,2) 31 a 60 dias,,5) $35.001 a $50.000,67,2779509.61,2779509.61,115,35,80,3,21,0,91,0,2,0,33,3,19,0,58,1245.0,667.0,578.0
OEST,176,2026-09-02,2030-09-01,36,2) 31 a 60 dias,,6) $50.001 a $100.000,84,5890105.25,5890105.25,153,58,95,7,29,4,113,0,1,2,55,7,28,2,58,1601.0,1038.0,563.0
OEST,176,2026-09-02,2030-09-01,36,2) 31 a 60 dias,,7) $100.001 a $500.000,22,3444706.28,3444706.28,37,12,25,1,8,1,27,0,0,0,12,1,8,1,15,388.0,226.0,162.0
OEST,176,2026-09-02,2030-09-01,36,2) 31 a 60 dias,,8) >$500.000,4,3886029.44,3886029.44,6,2,4,0,0,0,6,0,0,0,2,0,0,0,4,80.0,41.0,39.0
OEST,177,2026-09-02,2030-09-01,36,2) 31 a 60 dias,,1) MENOR A $5.000,652,1360446.36,1360446.36,1535,353,1182,332,369,1,833,0,33,0,320,332,336,1,513,10093.0,5271.0,4822.0
OEST,177,2026-09-02,2030-09-01,36,2) 31 a 60 dias,,2) $5.001 a $10.000,119,819432.65,819432.65,537,68,469,293,81,1,162,0,11,1,56,293,70,0,106,1991.0,931.0,1060.0
OEST,177,2026-09-02,2030-09-01,36,2) 31 a 60 dias,,3) $10.001 a $20.000,60,818119.88,818119.88,103,27,76,2,42,0,59,0,5,0,22,2,37,0,37,721.0,379.0,342.0
OEST,177,2026-09-02,2030-09-01,36,2) 31 a 60 dias,,4) $20.001 a $35.000,40,1089831.26,1089831.26,72,15,57,3,39,0,30,0,1,0,14,3,38,0,16,425.0,236.0,189.0
OEST,177,2026-09-02,2030-09-01,36,2) 31 a 60 dias,,5) $35.001 a $50.000,20,857273.45,857273.45,36,11,25,1,13,0,22,0,0,0,11,1,13,0,11,295.0,189.0,106.0
OEST,177,2026-09-02,2030-09-01,36,2) 31 a 60 dias,,6) $50.001 a $100.000,18,1227500.95,1227500.95,27,9,18,0,4,1,22,0,0,1,8,0,4,0,14,318.0,137.0,181.0
OEST,177,2026-09-02,2030-09-01,36,2) 31 a 60 dias,,7) $100.001 a $500.000,6,730157.71,730157.71,14,4,10,0,1,0,13,0,0,0,4,0,1,0,9,187.0,82.0,105.0
OEST,178,2026-10-02,2030-10-01,6,1) 0 a 30 dias,,1) MENOR A $5.000,2310,5285013.17,5285013.17,4487,290,4197,1125,3362,0,0,0,290,0,0,1125,3072,0,0,3362.0,290.0,3072.0
OEST,178,2026-10-02,2030-10-01,6,1) 0 a 30 dias,,2) $5.001 a $10.000,538,3706678.45,3706678.45,1034,72,962,268,766,0,0,0,72,0,0,268,694,0,0,766.0,72.0,694.0
OEST,178,2026-10-02,2030-10-01,6,1) 0 a 30 dias,,3) $10.001 a $20.000,346,4936694.32,4936694.32,665,49,616,169,496,0,0,0,49,0,0,169,447,0,0,496.0,49.0,447.0
OEST,178,2026-10-02,2030-10-01,6,1) 0 a 30 dias,,4) $20.001 a $35.000,164,4248477.08,4248477.08,329,18,311,104,225,0,0,0,18,0,0,104,207,0,0,225.0,18.0,207.0
OEST,178,2026-10-02,2030-10-01,6,1) 0 a 30 dias,,5) $35.001 a $50.000,96,4007880.93,4007880.93,158,15,143,52,106,0,0,0,15,0,0,52,91,0,0,120.0,19.0,101.0
OEST,178,2026-10-02,2030-10-01,6,1) 0 a 30 dias,,6) $50.001 a $100.000,103,6854733.04,6854733.04,186,14,172,36,150,0,0,0,14,0,0,36,136,0,0,173.0,20.0,153.0
OEST,178,2026-10-02,2030-10-01,6,1) 0 a 30 dias,,7) $100.001 a $500.000,31,5568747.21,5568747.21,63,4,59,16,47,0,0,0,4,0,0,16,43,0,0,59.0,6.0,53.0
OEST,178,2026-10-02,2030-10-01,6,1) 0 a 30 dias,,8) >$500.000,2,1562124.1,1562124.1,2,0,2,1,1,0,0,0,0,0,0,1,1,0,0,1.0,0.0,1.0
OEST,179,2026-10-02,2030-10-01,6,1) 0 a 30 dias,,1) MENOR A $5.000,812,1667618.98,1667618.98,1775,106,1669,749,1026,0,0,0,106,0,0,749,920,0,0,1026.0,106.0,920.0
OEST,179,2026-10-02,2030-10-01,6,1) 0 a 30 dias,,2) $5.001 a $10.000,186,1266546.1,1266546.1,346,22,324,122,224,0,0,0,22,0,0,122,202,0,0,224.0,22.0,202.0
OEST,179,2026-10-02,2030-10-01,6,1) 0 a 30 dias,,3) $10.001 a $20.000,111,1548086.16,1548086.16,218,11,207,76,142,0,0,0,11,0,0,76,131,0,0,142.0,11.0,131.0
OEST,179,2026-10-02,2030-10-01,6,1) 0 a 30 dias,,4) $20.001 a $35.000,41,1103195.31,1103195.31,72,3,69,29,43,0,0,0,3,0,0,29,40,0,0,43.0,3.0,40.0
OEST,179,2026-10-02,2030-10-01,6,1) 0 a 30 dias,,5) $35.001 a $50.000,20,821143.93,821143.93,41,2,39,7,34,0,0,0,2,0,0,7,32,0,0,35.0,2.0,33.0
OEST,179,2026-10-02,2030-10-01,6,1) 0 a 30 dias,,6) $50.001 a $100.000,27,1925742.52,1925742.52,53,9,44,10,43,0,0,0,9,0,0,10,34,0,0,56.0,16.0,40.0
OEST,179,2026-10-02,2030-10-01,6,1) 0 a 30 dias,,7) $100.001 a $500.000,7,1582507.0,1582507.0,11,0,11,4,7,0,0,0,0,0,0,4,7,0,0,8.0,0.0,8.0
REVO,260702,2026-07-02,2026-10-30,98,4) 91 a 180 dias,,1) MENOR A $5.000,67048,99238751.47,99238751.47,107625,5976,101649,69013,5037,29598,3977,0,256,4503,1217,69013,4781,25095,2760,158068.0,28381.0,129687.0
REVO,260702,2026-07-02,2026-10-30,98,4) 91 a 180 dias,,2) $5.001 a $10.000,14978,106188060.53,106188060.53,26579,2347,24232,10969,1786,11824,2000,0,109,1674,564,10969,1677,10150,1436,65986.0,11444.0,54542.0
REVO,260702,2026-07-02,2026-10-30,98,4) 91 a 180 dias,,3) $10.001 a $20.000,10088,140943018.85,140943018.85,17385,1154,16231,9191,2405,5789,0,0,110,1044,0,9191,2295,4745,0,27729.0,4534.0,23195.0
REVO,260702,2026-07-02,2026-10-30,98,4) 91 a 180 dias,,4) $20.001 a $35.000,6011,162280331.58,162280331.58,9796,807,8989,4388,1201,4207,0,0,76,731,0,4388,1125,3476,0,19517.0,3196.0,16321.0
REVO,260702,2026-07-02,2026-10-30,98,4) 91 a 180 dias,,5) $35.001 a $50.000,4843,202988873.43,202988873.43,7842,639,7203,3150,931,3761,0,0,58,581,0,3150,873,3180,0,17250.0,2528.0,14722.0
REVO,260702,2026-07-02,2026-10-30,98,4) 91 a 180 dias,,6) $50.001 a $100.000,8881,631982250.72,631982250.72,14792,1243,13549,5295,1637,7860,0,0,112,1131,0,5295,1525,6729,0,35693.0,4941.0,30752.0
REVO,260702,2026-07-02,2026-10-30,98,4) 91 a 180 dias,,7) $100.001 a $500.000,4081,566938161.94,566938161.94,7444,667,6777,2179,767,4498,0,0,52,615,0,2179,715,3883,0,20110.0,2667.0,17443.0
REVO,260702,2026-07-02,2026-10-30,98,4) 91 a 180 dias,,8) >$500.000,1,891523.52,891523.52,3,0,3,0,0,3,0,0,0,0,0,0,0,3,0,13.0,0.0,13.0
REVO,260804,2026-08-04,2026-12-02,65,3) 61 a 90 dias,,1) MENOR A $5.000,102545,109135398.76,109135398.76,161687,6870,154817,120798,5385,31352,4152,0,886,4713,1271,120798,4499,26639,2881,174581.0,32362.0,142219.0
REVO,260804,2026-08-04,2026-12-02,65,3) 61 a 90 dias,,2) $5.001 a $10.000,11343,80460309.36,80460309.36,19898,1788,18110,9508,616,8373,1401,0,120,1205,463,9508,496,7168,938,47302.0,9210.0,38092.0
REVO,260804,2026-08-04,2026-12-02,65,3) 61 a 90 dias,,3) $10.001 a $20.000,7567,105745392.71,105745392.71,12935,801,12134,8854,486,3595,0,0,70,731,0,8854,416,2864,0,16012.0,3251.0,12761.0
REVO,260804,2026-08-04,2026-12-02,65,3) 61 a 90 dias,,4) $20.001 a $35.000,5227,141836724.98,141836724.98,8464,630,7834,4993,389,3082,0,0,76,554,0,4993,313,2528,0,13635.0,2492.0,11143.0
REVO,260804,2026-08-04,2026-12-02,65,3) 61 a 90 dias,,5) $35.001 a $50.000,4621,194603884.05,194603884.05,7268,544,6724,3594,408,3266,0,0,80,464,0,3594,328,2802,0,14466.0,2139.0,12327.0
REVO,260804,2026-08-04,2026-12-02,65,3) 61 a 90 dias,,6) $50.001 a $100.000,8510,606917563.39,606917563.39,13878,1117,12761,6184,695,6999,0,0,115,1002,0,6184,580,5997,0,30712.0,4464.0,26248.0
REVO,260804,2026-08-04,2026-12-02,65,3) 61 a 90 dias,,7) $100.001 a $500.000,4237,596509784.83,596509784.83,7130,605,6525,2702,386,4042,0,0,61,544,0,2702,325,3498,0,17708.0,2425.0,15283.0
REVO,260902,2026-09-02,2026-12-31,36,2) 31 a 60 dias,,1) MENOR A $5.000,54370,65313545.25,65313545.25,84611,2820,81791,67429,1446,12976,2760,0,165,1859,796,67429,1281,11117,1964,76716.0,14196.0,62520.0
REVO,260902,2026-09-02,2026-12-31,36,2) 31 a 60 dias,,2) $5.001 a $10.000,9014,63932487.41,63932487.41,15870,1150,14720,8691,460,5619,1100,0,52,770,328,8691,408,4849,772,32162.0,5822.0,26340.0
REVO,260902,2026-09-02,2026-12-31,36,2) 31 a 60 dias,,3) $10.001 a $20.000,5455,76692454.72,76692454.72,9185,442,8743,7001,292,1892,0,0,31,411,0,7001,261,1481,0,8025.0,1695.0,6330.0
REVO,260902,2026-09-02,2026-12-31,36,2) 31 a 60 dias,,4) $20.001 a $35.000,3821,104958370.58,104958370.58,6152,341,5811,4275,238,1639,0,0,26,315,0,4275,212,1324,0,6938.0,1297.0,5641.0
REVO,260902,2026-09-02,2026-12-31,36,2) 31 a 60 dias,,5) $35.001 a $50.000,3601,152266194.42,152266194.42,5652,326,5326,3585,237,1830,0,0,20,306,0,3585,217,1524,0,7691.0,1256.0,6435.0
REVO,260902,2026-09-02,2026-12-31,36,2) 31 a 60 dias,,6) $50.001 a $100.000,7550,536041460.88,536041460.88,12085,751,11334,7067,538,4480,0,0,52,699,0,7067,486,3781,0,18800.0,2872.0,15928.0
REVO,260902,2026-09-02,2026-12-31,36,2) 31 a 60 dias,,7) $100.001 a $500.000,3869,547017391.48,547017391.48,6499,450,6049,3534,351,2614,0,0,24,426,0,3534,327,2188,0,11001.0,1741.0,9260.0
REVO,261002,2026-10-02,2027-01-30,6,1) 0 a 30 dias,,1) MENOR A $5.000,103919,164639714.05,164639714.05,102550,1273,101277,81753,20796,1,0,0,1273,0,0,81753,19523,1,0,41021.0,2475.0,38546.0
REVO,261002,2026-10-02,2027-01-30,6,1) 0 a 30 dias,,2) $5.001 a $10.000,19524,135432464.57,135432464.57,22721,656,22065,14561,8158,2,0,0,656,0,0,14561,7502,2,0,16195.0,1293.0,14902.0
REVO,261002,2026-10-02,2027-01-30,6,1) 0 a 30 dias,,3) $10.001 a $20.000,7855,107727803.5,107727803.5,9240,164,9076,7877,1362,1,0,0,164,0,0,7877,1198,1,0,2669.0,315.0,2354.0
REVO,261002,2026-10-02,2027-01-30,6,1) 0 a 30 dias,,4) $20.001 a $35.000,4591,126283039.91,126283039.91,5199,102,5097,3988,1210,1,0,0,102,0,0,3988,1108,1,0,2414.0,202.0,2212.0
REVO,261002,2026-10-02,2027-01-30,6,1) 0 a 30 dias,,5) $35.001 a $50.000,4816,203262395.1,203262395.1,5172,133,5039,3615,1556,1,0,0,133,0,0,3615,1423,1,0,3151.0,261.0,2890.0
REVO,261002,2026-10-02,2027-01-30,6,1) 0 a 30 dias,,6) $50.001 a $100.000,9713,693132846.06,693132846.06,10626,283,10343,7236,3388,2,0,0,283,0,0,7236,3105,2,0,6872.0,561.0,6311.0
REVO,261002,2026-10-02,2027-01-30,6,1) 0 a 30 dias,,7) $100.001 a $500.000,5128,729779944.01,729779944.01,6222,183,6039,4099,2123,0,0,0,183,0,0,4099,1940,0,0,4255.0,343.0,3912.0
REVO,261002,2026-10-02,2027-01-30,6,1) 0 a 30 dias,,8) >$500.000,1,627223.92,627223.92,0,0,0,0,0,0,0,0,0,0,0,0,0,0,0,0.0,0.0,0.0
